D,t,Fy,fc,L,Dt,LD,Ac,As,SteelCap,ConcCap,Squash,Xi,Pexp
94.996,12.4968,274.6182908,27.36530244,1420.114,7.601626016260162,14.949197860962569,3848.714898954291,3238.906635669868,889.4630043484375,105.32124721521822,994.7842515636557,8.445238048984251,947.0263818
94.996,12.7508,272.6188104,27.36530244,1420.114,7.450199203187251,14.949197860962569,3793.0581494502226,3294.5633851739367,898.1599508535155,103.79818343221206,1001.9581342857275,8.652944793008645,937.6851164
94.996,12.3952,272.6188104,27.36530244,1420.114,7.663934426229507,14.949197860962569,3871.0911012312363,3216.530433392923,876.886700366975,105.93357875798543,982.8202791249604,8.277702978111405,906.9923873
94.996,12.5984,274.6182908,27.36530244,860.044,7.540322580645161,9.053475935828878,3826.40355523467,3261.217979389489,895.5901074261711,104.710690546488,1000.3007979726591,8.552995904735816,1017.753106
94.996,12.7,272.6188104,27.36530244,860.044,7.48,9.053475935828878,3804.157070072374,3283.4644645517847,895.1341763167804,104.1019087517948,999.2360850685752,8.598633656670081,1007.967018
94.996,12.7,272.6188104,27.36530244,860.044,7.48,9.053475935828878,3804.157070072374,3283.4644645517847,895.1341763167804,104.1019087517948,999.2360850685752,8.598633656670081,1033.766703
94.996,12.8016,278.4793564,27.36530244,1979.93,7.42063492063492,20.842245989304814,3781.9754434674014,3305.646091156758,920.5541959515095,103.49490183113856,1024.049097782648,8.894681570435983,886.5305679
94.996,12.4968,275.5835572,27.36530244,1979.93,7.601626016260162,20.842245989304814,3848.714898954291,3238.906635669868,892.5894120965866,105.32124721521822,997.9106593118048,8.474922541247816,906.9923873
94.996,12.5984,279.5135704,27.36530244,1979.93,7.540322580645161,20.842245989304814,3826.40355523467,3261.217979389489,911.5546812718296,104.710690546488,1016.2653718183176,8.705459552548078,916.7784749
94.996,3.6576,326.5358336,33.69469212,860.044,25.97222222222222,9.053475935828878,6038.080359999427,1049.5411746247319,342.71280235361,203.45125872599945,546.1640610796095,1.6844958566472317,656.1126882
94.996,3.683,386.3823504,33.69469212,860.044,25.79310344827586,9.053475935828878,6031.0857699579665,1056.5357646661926,408.22677203338475,203.21557816804682,611.4423502014315,2.0088360140176174,686.3605952
94.996,3.4036,335.3611264,33.69469212,860.044,27.91044776119403,9.053475935828878,6108.24921170485,979.3723229193092,328.4434053792041,205.81557658062758,534.2589819598317,1.5958141304748985,656.1126882
94.996,3.8608,326.5358336,33.69469212,1420.114,24.605263157894736,14.949197860962569,5982.237142143052,1105.3843924811079,360.94761404724807,201.5696386933388,562.5172527405869,1.7906844323731785,566.7034338
94.996,3.9116,386.3823504,33.69469212,1420.114,24.285714285714285,14.949197860962569,5968.316874277284,1119.3046603468747,432.4795654784991,201.10059955337383,633.580165031873,2.1505632824516536,605.847784
94.996,3.5814,335.3611264,33.69469212,1420.114,26.52482269503546,14.949197860962569,6059.08845208281,1028.5330825413491,344.930013100731,204.15911992077764,549.0891330215086,1.6895155760593914,575.599877
94.996,3.7592,326.5358336,33.69469212,1979.93,25.27027027027027,20.842245989304814,6010.126321792578,1077.4952128315815,351.8407975219699,202.50935601510895,554.3501535370788,1.7374051473242527,536.4555268
94.996,3.7846,386.3823504,33.69469212,1979.93,25.100671140939596,20.842245989304814,6003.147946390447,1084.4735882337118,419.02145396846333,202.2742218044364,621.2956757728997,2.071551432656522,565.8137894
94.996,3.5052,335.3611264,33.69469212,1979.93,27.10144927536232,20.842245989304814,6080.133027104687,1007.4885075194721,337.872480716785,204.86821039693604,542.740691113721,1.6492186858183153,487.525089
216.0016,4.064,284.40885,33.69469212,2219.96,53.15,10.277516462841016,33938.18056911522,2705.8990115772845,769.5816260988321,1143.5365453893037,1913.1181714881359,0.6729838492715919,1023.090971
216.0016,4.1148,299.0946888,30.90231432,2219.96,52.49382716049383,10.277516462841016,33905.01352436341,2739.066056329096,819.2401097203942,1047.7433849537288,1866.983494674123,0.7819091215322482,1834.446594
216.0016,4.0386,288.3388632,40.21024032,2219.96,53.48427672955975,10.277516462841016,33954.77017198086,2689.3094087116388,775.4324177009781,1365.329468625718,2140.761886326696,0.5679452729321774,2289.054843
216.0016,4.1148,286.3393828,40.21024032,2219.96,52.49382716049383,10.277516462841016,33905.01352436341,2739.066056329096,784.3024840177035,1363.3287418675027,2147.6312258852063,0.5752849330700366,2238.789939
216.0016,6.0452,389.3470972,30.90231432,2219.96,35.731092436974784,10.277516462841016,32656.68087153915,3987.398709153353,1552.4821127878852,1009.1670169402342,2561.6491297281195,1.5383797594722892,2461.645842
216.0016,5.969,393.2771104,30.90231432,2219.96,36.187234042553186,10.277516462841016,32705.513284714732,3938.56629597777,1548.9479720009685,1010.6760515211902,2559.6240235221585,1.5325860048525082,2421.167025
216.0016,6.5024,295.1646756,40.21024032,2219.96,33.21875,10.277516462841016,32364.452534194035,4279.627046498466,1263.1947288687059,1301.3824142251751,2564.577143093881,0.9706560616318104,2803.714084
216.0016,6.2992,404.9982024,40.21024032,2219.96,34.29032258064516,10.277516462841016,32494.169648843,4149.909931849506,1680.7060625209567,1306.598370578827,2987.3044330997836,1.2863218724024574,2932.267689
94.996,3.8608,332.3963796,32.48466174,1979.93,24.605263157894736,20.842245989304814,5982.237142143052,1105.3843924811079,367.42577012706573,194.33095001098133,561.7567201380471,1.890721833584939,498.2008209
94.996,3.4036,337.3606068,32.48466174,1979.93,27.91044776119403,20.842245989304814,6108.24921170485,979.3723229193092,330.4016411431837,198.42440946585367,528.8260506090373,1.6651259894516237,472.8459577
94.996,3.5814,355.0111924,32.48466174,1979.93,26.52482269503546,20.842245989304814,6059.08845208281,1028.5330825413491,365.14075605585197,196.82743881865028,561.9681948745023,1.8551313691191171,472.8459577
94.996,3.7338,326.5358336,32.48466174,1979.93,25.4421768707483,20.842245989304814,6017.10875085454,1070.5127837696193,349.56078422766916,195.46374242430366,545.0245266519728,1.7883663736922562,412.8394481
121.0056,3.6576,295.1646756,28.48225356,1050.036,33.083333333333336,8.67758186397985,10151.66949974723,1348.4094067759333,398.0028251270068,289.14242474911896,687.1452498761257,1.3764940425893677,695.2570384
121.0056,3.7338,327.5700476,28.48225356,1050.036,32.40816326530612,8.67758186397985,10124.471469099191,1375.6074374239702,450.60779375588396,288.3677635438689,738.9755572997528,1.562615003210419,746.411587
121.0056,3.7592,307.9199816,32.67082026,1050.036,32.18918918918919,8.67758186397985,10115.413566202846,1384.6653403203163,426.3661261135896,330.47885847697876,756.8449845905684,1.2901464501496709,836.7104858
121.0056,3.9878,326.5358336,32.67082026,1050.036,30.343949044585987,8.67758186397985,10034.074854828199,1466.0040516949637,478.70285508119247,327.8214560574777,806.5243111386701,1.460254801007474,866.9583928
121.0056,5.6134,344.1864192,28.48225356,1050.036,21.55656108597285,8.67758186397985,9465.135589977863,2034.943316545299,700.3998533966986,269.5883918535297,969.9882452502284,2.598034168241315,998.1809304
121.0056,5.4102,343.2211528,28.48225356,1050.036,22.366197183098592,8.67758186397985,9535.344978281615,1964.733928241548,674.3382437963367,271.58811345348965,945.9263572498263,2.4829446149962644,1017.753106
121.0056,5.461,330.4658468,32.67082026,1050.036,22.15813953488372,8.67758186397985,9517.76830924668,1982.3105972764831,655.0859501495868,310.95329770772236,966.0392478573092,2.1067020513328942,1099.155561
121.0056,5.5626,321.640554,32.67082026,1050.036,21.753424657534246,8.67758186397985,9482.663615094805,2017.415291428357,648.8825719830883,309.8063985548042,958.6889705378925,2.0944776318695113,1078.693742
121.0056,3.7084,295.1646756,28.48225356,2310.13,32.630136986301366,19.091099916036946,10133.533425655374,1366.5454808677887,403.3559535529868,288.62586848825174,691.9818220412385,1.397504512210433,640.5439126
121.0056,3.7592,327.5700476,28.48225356,2310.13,32.18918918918919,19.091099916036946,10115.413566202846,1384.6653403203163,453.57489143879627,288.1097740568533,741.6846654956496,1.5743127525735776,629.4233585
121.0056,3.7084,307.9199816,32.67082026,2310.13,32.630136986301366,19.091099916036946,10133.533425655374,1366.5454808677887,420.78665932437264,331.0708491482888,751.8575084726615,1.2709867401702273,695.2570384
121.0056,3.8608,326.5358336,32.67082026,2310.13,31.342105263157897,19.091099916036946,10079.222491215787,1420.8564153073755,463.9605339983017,329.29646637106043,793.2570003693621,1.408944769773199,755.3080302
121.0056,5.6896,344.1864192,28.48225356,2310.13,21.267857142857142,19.091099916036946,9438.8739547512,2061.204951771964,709.438751587701,268.8404013001036,978.2791528878046,2.6388844390831054,786.4455815
121.0056,5.4864,343.2211528,28.48225356,2310.13,22.055555555555557,19.091099916036946,9508.986055218962,1991.0928513042002,683.3851837564666,270.83735192325065,954.2225356797173,2.5232309314193966,815.8038442
121.0056,5.6388,330.4658468,32.67082026,2310.13,21.45945945945946,19.091099916036946,9456.377657909143,2043.701248614019,675.3734637294492,308.9476147722293,984.3210785016786,2.1860452433897772,873.6307252
121.0056,5.4356,321.640554,32.67082026,2310.13,22.261682242990656,19.091099916036946,9526.554616934229,1973.5242895889332,634.7654458358409,311.2403535869313,946.0057994227722,2.039470263159649,865.1791041
50.8,1.651,524.00176,28.76149134,1524.0,30.769230769230766,30.0,1771.9053836560397,254.92453273395105,133.58090381976797,50.96264134732256,184.54354516709054,2.621153462383989,115.2089398
50.8,1.651,524.00176,28.76149134,1524.0,30.769230769230766,30.0,1771.9053836560397,254.92453273395105,133.58090381976797,50.96264134732256,184.54354516709054,2.621153462383989,114.3192955
50.8,1.651,524.00176,37.60402104,1524.0,30.769230769230766,30.0,1771.9053836560397,254.92453273395105,133.58090381976797,66.630767327891,200.21167114765896,2.0047931185065657,120.5468058
69.85,1.2446,524.00176,37.60402104,1524.0,56.12244897959184,21.81818181818182,3563.726398070527,268.24891260429865,140.56290232273867,134.0104424538475,274.57334477658617,1.048895143907519,230.8627018
76.2,1.651,524.00176,28.01685726,1524.0,46.15384615384615,20.0,4173.698834578179,386.66847729930106,202.6149626413538,116.9339244946052,319.548887135959,1.7327303733032713,226.4144802
76.2,1.651,524.00176,28.01685726,1524.0,46.15384615384615,20.0,4173.698834578179,386.66847729930106,202.6149626413538,116.9339244946052,319.548887135959,1.7327303733032713,245.097011
76.2,1.651,524.00176,36.7663077,1524.0,46.15384615384615,20.0,4173.698834578179,386.66847729930106,202.6149626413538,153.45149559923274,356.06645824058654,1.3203844110488219,320.2719563
355.6,11.176,355.08014,51.37975152,1879.6,31.81818181818182,5.285714285714285,87221.78788996034,12092.87801314923,4293.94081791195,4481.433788916307,8775.374606828256,0.9581622802353851,11458.61888
355.6,11.176,355.08014,44.30572776,1879.6,31.81818181818182,5.285714285714285,87221.78788996034,12092.87801314923,4293.94081791195,3864.424788993048,8158.365606904998,1.1111461737183455,10711.31765
355.6,4.7244,276.479876,28.29609504,1879.6,75.26881720430107,5.285714285714285,94106.92100861746,5207.744894492115,1439.836662668813,2662.858380781612,4102.695043450425,0.5407109416934845,3517.208831
355.6,7.9756,355.08014,31.6469484,2082.8,44.5859872611465,5.857142857142858,90604.55891309556,8710.106990014003,3092.7860094291505,2867.3578007274955,5960.1438101566455,1.0786187927591249,7432.978319
127.2794,1.6256,370.59335,89.3560896,711.2,78.296875,5.587707044502096,12081.775545574736,641.7105661684024,237.81366844674488,1079.580218177465,1317.39388662421,0.22028346244452238,1285.536047
127.2794,1.6256,328.880052,89.3560896,711.2,78.296875,5.587707044502096,12081.775545574736,641.7105661684024,211.0458043704136,1079.580218177465,1290.6260225478786,0.1954887657414645,1285.536047
127.0508,2.9464,370.59335,89.3560896,711.2,43.12068965517241,5.597760895641744,11529.064601157457,1148.7585526918524,425.72228038322504,1030.192129505214,1455.9144098884392,0.41324551818085925,1305.553044
127.0508,2.9464,328.880052,89.3560896,711.2,43.12068965517241,5.597760895641744,11529.064601157457,1148.7585526918524,377.8037725447411,1030.192129505214,1407.9959020499552,0.3667313714832927,1305.553044
140.0556,9.6774,265.44826,37.231704,406.4,14.472440944881889,2.9017047515415304,11442.216966070062,3963.816543076161,1052.188204318782,426.01323518449857,1478.2014395032807,2.4698486277382874,2949.170931
140.0556,9.6774,268.89564,37.79017956,406.4,14.472440944881889,2.9017047515415304,11442.216966070062,3963.816543076161,1065.852986193052,432.40343371226606,1498.2564199053181,2.464950329007567,2949.170931
140.3858,4.9276,288.890444,44.11956924,406.4,28.48969072164948,2.894879681563235,13381.800468586605,2096.962285156917,605.7923656102364,590.3992723296712,1196.1916379399077,1.0260723446013496,1823.770862
140.3858,4.9276,297.853632,44.11956924,406.4,28.48969072164948,2.894879681563235,13381.800468586605,2096.962285156917,624.5878328010074,590.3992723296712,1214.9871051306786,1.0579075247441119,1823.770862
168.1734,4.5212,297.853632,42.44414256,812.8,37.19662921348314,4.833106781452953,19888.382563759576,2324.4779969315305,692.3542138901412,844.1453448240298,1536.4995587141711,0.8201836545511828,2006.147948
168.3512,4.5212,297.853632,58.26761676,812.8,37.235955056179776,4.828002414001206,19932.850705417706,2327.0034270073443,693.1064224105844,1161.4397058375746,1854.546128248159,0.5967648763228302,2233.007251
168.1734,4.5212,297.853632,58.26761676,812.8,37.19662921348314,4.833106781452953,19888.382563759576,2324.4779969315305,692.3542138901412,1158.8486532014094,1851.2028670915506,0.5974500742417561,2112.905267
168.3004,4.4704,297.853632,31.08847284,812.8,37.64772727272727,4.829459704195593,19945.565009483216,2300.8573210859163,685.3187097992303,620.0771560757732,1305.3958658750034,1.1052152189194413,1743.702873
114.3,3.175,413.6856,39.0932892,914.4,36.0,8.0,9152.403841198553,1108.422610525775,458.5384726889216,357.7975702391659,816.3360429280875,1.2815583749839792,711.7154584
114.3,3.175,413.6856,39.0932892,914.4,36.0,8.0,9152.403841198553,1108.422610525775,458.5384726889216,357.7975702391659,816.3360429280875,1.2815583749839792,756.1976745
152.4,1.5494,330.94848,28.3891743,914.4,98.36065573770492,6.0,17507.191332230068,734.2779152798538,243.0081599594364,497.0147062341286,740.022866193565,0.4889355524320494,682.3571957
152.4,1.5494,330.94848,34.9047225,914.4,98.36065573770492,6.0,17507.191332230068,734.2779152798538,243.0081599594364,611.0836552058958,854.0918151653322,0.3976675826447335,721.501546
152.4,1.5494,330.94848,34.9047225,914.4,98.36065573770492,6.0,17507.191332230068,734.2779152798538,243.0081599594364,611.0836552058958,854.0918151653322,0.3976675826447335,733.0669222
127.0,2.413,330.94848,47.4704226,914.4,52.631578947368425,7.2,11723.234907147618,944.4520702898249,312.5649770952707,556.5069152813693,869.07189237664,0.5616551538038628,627.1992477
127.0,2.413,330.94848,47.4704226,914.4,52.631578947368425,7.2,11723.234907147618,944.4520702898249,312.5649770952707,556.5069152813693,869.07189237664,0.5616551538038628,622.7510261
127.0,2.413,330.94848,47.4704226,914.4,52.631578947368425,7.2,11723.234907147618,944.4520702898249,312.5649770952707,556.5069152813693,869.07189237664,0.5616551538038628,658.336799
101.6762,3.0734,605.0841376,46.0742337,1524.0,33.082644628099175,14.988758431176619,7167.4386034390745,952.0466019865395,576.0682971180356,330.23424124525354,906.3025383632892,1.7444232764772858,818.4727772
101.727,3.0988,605.0841376,42.07182552,1524.0,32.82786885245901,14.9812734082397,7167.438603439077,960.1620289717637,580.9788132566458,301.5472263492013,882.5260396058471,1.926659449965737,800.6798907
101.7016,3.0734,605.0841376,46.0742337,203.2762,33.09090909090909,1.9987512487512487,7171.250563804327,952.291848406423,576.2166918365103,330.4098743979773,906.6265662344877,1.7439451314413799,1112.055404
101.7016,3.0734,605.0841376,42.07182552,203.2508,33.09090909090909,1.9985014985014986,7171.250563804327,952.291848406423,576.2166918365103,301.70760248057724,877.9242943170875,1.909851416069653,1067.573188
120.65,4.0894,451.60678,46.44655074,1050.036,29.50310559006211,8.703157894736842,9935.106776840794,1497.4807202964996,676.2724462051829,461.45144101785377,1137.7238872230366,1.4655332849616511,1156.53762
120.8278,4.0894,451.60678,39.93100254,1050.036,29.546583850931672,8.690351061593441,9966.54341555148,1499.7649576122726,677.304023264115,397.9740704414064,1075.2780937055213,1.7018797795366276,1092.70564
120.8278,4.0894,451.60678,34.99780176,1050.036,29.546583850931672,8.690351061593441,9966.54341555148,1499.7649576122726,677.304023264115,348.807110689904,1026.111133954019,1.9417724080351415,949.6953148
120.8278,4.064,451.60678,46.44655074,241.3254,29.73125,1.9972671852007569,9975.534433060584,1490.7739401031672,673.2436187979042,463.32916620376557,1136.5727850016697,1.4530568500879162,1201.019836
120.8024,4.0894,451.60678,39.93100254,241.3508,29.540372670807454,1.997897392767031,9962.049426919366,1499.4386379957323,677.1566551128384,397.79462096992273,1074.951276082761,1.7022770530726665,1201.019836
120.8278,4.0894,451.60678,34.99780176,241.3508,29.546583850931672,1.9974774017237755,9966.54341555148,1499.7649576122726,677.304023264115,348.807110689904,1026.111133954019,1.9417724080351415,1112.055404
152.6032,3.1496,415.1334996,28.20301578,1676.4,48.4516129032258,10.985352862849535,16811.338058505135,1478.807536276803,613.9025477694431,474.13043254693486,1088.032980316378,1.2947967597685728,938.5747608
152.7048,3.1496,415.1334996,31.1815521,1676.4,48.483870967741936,10.978043912175648,16834.69524646162,1479.8128439153327,614.3198846476006,524.9319269151653,1139.2518115627659,1.17028485628172,880.7478798
152.6286,3.175,415.1334996,28.20301578,304.8,48.072,1.9970044932601099,16805.50129505342,1490.7334035048366,618.8533747675817,473.96581821520203,1092.8191929827838,1.305691995042972,1201.019836
152.6032,3.1496,415.1334996,31.1815521,304.927,48.4516129032258,1.998169107856192,16811.338058505135,1478.807536276803,613.9025477694431,524.2036135419906,1138.1061613114339,1.1711146812235151,1201.019836
152.5778,4.9276,633.4216012,56.68526934,304.9016,30.963917525773194,1.9983352755119026,15998.356817449432,2285.700686971151,1447.8121890052066,906.8711651945462,2354.683354199753,1.5964915906159782,2909.136936
152.5524,4.9022,633.4216012,58.6399338,304.8762,31.119170984455963,1.9985014985014984,16004.051702807012,2273.918724667175,1440.349239577344,938.4765323843804,2378.8257719617245,1.5347738487587528,2913.585158
76.4794,1.7018,363.2849044,33.69469212,1524.0,44.940298507462686,19.926934573231485,4194.083169754793,399.78814734809254,145.2369988896049,141.31834113056144,286.55534002016634,1.0277292935063758,244.6521888
76.4286,1.7018,363.2849044,33.69469212,152.3492,44.910447761194035,1.9933532735127948,4188.254006915256,399.51655213929627,145.13833245014186,141.12192928336586,286.2602617335077,1.0284605177038875,355.8577292
76.4286,1.7272,363.2849044,55.19600118,609.5492,44.25,7.975407111997342,4182.42889773555,405.3416613190022,147.25450668161088,230.85335037467755,378.1078570562884,0.6378703468787227,411.4604994
76.4794,1.7272,363.2849044,34.99780176,609.4476,44.27941176470588,7.96878113583527,4188.254006915254,405.6173101876318,147.354645754499,146.57968345454574,293.93432920904473,1.005286969392273,330.2804549
76.454,1.6764,363.2849044,55.19600118,152.3492,45.6060606060606,1.9926910299003324,4196.999271296998,393.821160074241,143.06928248826776,231.65757673096826,374.726859219236,0.6175894805910835,434.5912518
76.4286,1.7018,363.2849044,34.99780176,152.3746,44.910447761194035,1.993685609837155,4188.254006915256,399.51655213929627,145.13833245014186,146.5796834545458,291.71801590468766,0.9901667750234233,372.3161492
76.454,1.7018,363.2849044,44.95728258,152.4,44.92537313432835,1.993355481727575,4191.168081627544,399.6523497436944,145.18766566987338,188.423527786006,333.6111934558794,0.7705389415846416,433.2567853
76.454,1.7272,363.2849044,44.95728258,152.4762,44.264705882352935,1.9943521594684388,4185.3409456179215,405.4794857533166,147.3045762180548,188.1615555857893,335.46613180384406,0.7828622364407143,434.5912518
168.656,2.6416,297.853632,24.2006076,1828.8,63.84615384615385,10.843373493975903,20962.80459573044,1377.725474686598,410.3605365343273,507.31260821674897,917.6731447510763,0.8088908690378952,822.9209988
168.656,2.6416,297.853632,46.0742337,1828.8,63.84615384615385,10.843373493975903,20962.80459573044,1377.725474686598,410.3605365343273,965.8451579511183,1376.2056944854455,0.4248719716158641,916.3336527
169.164,2.6162,317.15896,49.3320078,1828.8,64.66019417475728,10.81081081081081,21106.452112394738,1368.8621474622282,434.14689507248687,1041.2236602389837,1475.3705553114705,0.41695834588779956,756.1976746
169.164,2.6162,317.15896,45.32959962,1828.8,64.66019417475728,10.81081081081081,21106.452112394738,1368.8621474622282,434.14689507248687,956.7470236535569,1390.8939187260437,0.4537739698573588,689.4743503
168.148,3.6068,221.321796,35.92859436,2133.6,46.61971830985916,12.688821752265861,20341.719050791216,1864.4321961691628,412.6394821763834,730.8493723609619,1143.4888545373453,0.5646026360307024,947.471204
168.148,3.6068,221.321796,44.2126485,2133.6,46.61971830985916,12.688821752265861,20341.719050791216,1864.4321961691628,412.6394821763834,899.3612742783857,1312.000756454769,0.458813931595476,1049.780301
168.656,5.0038,260.621928,44.39880702,2133.6,33.70558375634518,12.650602409638553,19767.933635610796,2572.5964348062407,670.4750428051289,877.6726706716506,1548.1477134767795,0.7639238012185556,1129.84829
168.656,5.0038,260.621928,37.04554548,2133.6,33.70558375634518,12.650602409638553,19767.933635610796,2572.5964348062407,670.4750428051289,732.3138845436415,1402.7889273487704,0.9155569175408316,1165.434063
168.656,2.6416,297.853632,24.2006076,304.8,63.84615384615385,1.8072289156626506,20962.80459573044,1377.725474686598,410.3605365343273,507.31260821674897,917.6731447510763,0.8088908690378952,1325.570041
168.656,2.6416,297.853632,46.0742337,304.8,63.84615384615385,1.8072289156626506,20962.80459573044,1377.725474686598,410.3605365343273,965.8451579511183,1376.2056944854455,0.4248719716158641,1218.812723
169.164,2.6162,317.15896,49.3320078,304.8,64.66019417475728,1.801801801801802,21106.452112394738,1368.8621474622282,434.14689507248687,1041.2236602389837,1475.3705553114705,0.41695834588779956,1307.777155
169.164,2.6162,317.15896,45.32959962,304.8,64.66019417475728,1.801801801801802,21106.452112394738,1368.8621474622282,434.14689507248687,956.7470236535569,1390.8939187260437,0.4537739698573588,1330.018263
168.148,3.6068,221.321796,35.92859436,304.8,46.61971830985916,1.8126888217522659,20341.719050791216,1864.4321961691628,412.6394821763834,730.8493723609619,1143.4888545373453,0.5646026360307024,1556.877565
168.148,3.6068,221.321796,44.2126485,304.8,46.61971830985916,1.8126888217522659,20341.719050791216,1864.4321961691628,412.6394821763834,899.3612742783857,1312.000756454769,0.458813931595476,1432.32736
168.148,3.6068,221.321796,44.2126485,304.8,46.61971830985916,1.8126888217522659,20341.719050791216,1864.4321961691628,412.6394821763834,899.3612742783857,1312.000756454769,0.458813931595476,1463.464911
168.656,5.0038,260.621928,44.39880702,304.8,33.70558375634518,1.8072289156626506,19767.933635610796,2572.5964348062407,670.4750428051289,877.6726706716506,1548.1477134767795,0.7639238012185556,1966.113954
168.656,5.0038,260.621928,44.39880702,304.8,33.70558375634518,1.8072289156626506,19767.933635610796,2572.5964348062407,670.4750428051289,877.6726706716506,1548.1477134767795,0.7639238012185556,1970.562175
168.656,5.0038,260.621928,37.04554548,304.8,33.70558375634518,1.8072289156626506,19767.933635610796,2572.5964348062407,670.4750428051289,732.3138845436415,1402.7889273487704,0.9155569175408316,1983.90684
88.9,5.842,399.89608,54.03251043,1727.2,15.217391304347828,19.428571428571427,4682.787838827437,1524.3787801169117,609.5930986039349,253.02278274292064,862.6158813468555,2.409241934641519,614.7442272
88.9,5.842,399.89608,53.47403487,1422.4,15.217391304347828,16.0,4682.787838827437,1524.3787801169117,609.5930986039349,250.4075601822703,860.0006587862051,2.4344037303035715,711.7154584
88.9,5.842,399.89608,52.5897819,1117.6,15.217391304347828,12.57142857142857,4682.787838827437,1524.3787801169117,609.5930986039349,246.26679112790723,855.8598897318421,2.4753361824060214,715.2740357
88.9,5.842,399.89608,56.40603156,812.8,15.217391304347828,9.142857142857142,4682.787838827437,1524.3787801169117,609.5930986039349,264.1374786256846,873.7305772296195,2.3078629423422474,918.5577635
88.9,5.842,399.89608,55.14946155,508.0,15.217391304347828,5.7142857142857135,4682.787838827437,1524.3787801169117,609.5930986039349,258.2532278642213,867.8463264681561,2.3604471612816913,991.9534201
82.55,1.397,482.6332,55.80101637,1727.2,59.090909090909086,20.923076923076923,4995.933060909689,356.164687057631,171.89690264162303,278.77814251524575,450.6750451568688,0.6166082501687605,224.6351916
82.55,1.397,482.6332,49.93702299,1422.4,59.090909090909086,17.230769230769234,4995.933060909689,356.164687057631,171.89690264162303,249.4820241191482,421.37892676077126,0.6890151835529765,294.4722709
82.55,1.397,482.6332,55.14946155,1117.6,59.090909090909086,13.538461538461538,4995.933060909689,356.164687057631,171.89690264162303,275.5230182490127,447.4199208906357,0.6238930733775053,355.8577292
82.55,1.397,482.6332,55.14946155,812.8,59.090909090909086,9.846153846153847,4995.933060909689,356.164687057631,171.89690264162303,275.5230182490127,447.4199208906357,0.6238930733775053,400.3399454
82.55,1.397,482.6332,55.14946155,508.0,59.090909090909086,6.153846153846154,4995.933060909689,356.164687057631,171.89690264162303,275.5230182490127,447.4199208906357,0.6238930733775053,489.3043777
82.55,1.397,482.6332,55.14946155,254.0,59.090909090909086,3.076923076923077,4995.933060909689,356.164687057631,171.89690264162303,275.5230182490127,447.4199208906357,0.6238930733775053,530.2280165
88.9,5.842,399.89608,55.847556,812.8,15.217391304347828,9.142857142857142,4682.787838827437,1524.3787801169117,609.5930986039349,261.52225606503424,871.1153546689691,2.3309415717656696,404.3433448
88.9,5.842,399.89608,55.847556,1422.4,15.217391304347828,16.0,4682.787838827437,1524.3787801169117,609.5930986039349,261.52225606503424,871.1153546689691,2.3309415717656696,356.3025514
88.9,5.842,399.89608,55.847556,812.8,15.217391304347828,9.142857142857142,4682.787838827437,1524.3787801169117,609.5930986039349,261.52225606503424,871.1153546689691,2.3309415717656696,175.7047538
88.9,5.842,399.89608,55.847556,1117.6,15.217391304347828,12.57142857142857,4682.787838827437,1524.3787801169117,609.5930986039349,261.52225606503424,871.1153546689691,2.3309415717656696,174.926315
82.55,1.397,482.6332,55.847556,812.8,59.090909090909086,9.846153846153847,4995.933060909689,356.164687057631,171.89690264162303,279.01065139140525,450.9075540330283,0.6160944099602866,125.8846717
169.418,5.1054,308.886,55.5717656,3327.4,33.18407960199005,19.640179910044978,19907.43425826617,2635.4241085544995,814.0456111949652,1106.2912702977774,1920.3368814927426,0.7358329881567724,621.7546245
169.164,5.2578,308.886,54.0549184,3327.4,32.17391304347826,19.669669669669673,19767.933635610792,2707.380624246176,836.2719715009044,1068.5540396095569,1904.8260111104614,0.7826201956117008,701.4667558
168.91,5.6642,294.98613,42.4717216,3327.4,29.82062780269058,19.69924812030075,19502.976294790715,2904.895199598376,856.9037929851025,828.3249795637508,1685.2287725488534,1.034501933572501,599.8337884
168.402,6.5532,296.53056,37.9901276,3327.4,25.69767441860465,19.75867269984917,18941.23024931364,3332.059738627156,988.0575402485642,719.5797540724051,1707.6372943209694,1.3731035853312024,624.7438294
169.164,7.1882,311.97486,31.9916864,3327.4,23.533568904593636,19.669669669669673,18817.5125512172,3657.8017086397676,1141.1421759606524,602.0039603666046,1743.146136327257,1.8955725395323426,652.6430754
169.164,7.2898,311.97486,33.1637956,3327.4,23.205574912891986,19.669669669669673,18768.138974453937,3707.175285403029,1156.5454906590699,622.4227247411841,1778.968215400254,1.858135065907153,738.3336166
168.91,8.8138,322.78587,33.0259004,3302.0,19.164265129682995,19.548872180451127,17974.90868422597,4432.9628101631215,1430.897757356148,593.637543904342,2024.53530126049,2.410389592183073,757.2652478
140.208,9.6012,273.36411,41.5754028,3327.4,14.603174603174603,23.731884057971016,11500.078906523162,3939.5006645692306,1076.9180930143762,478.120412770484,1555.0385057848603,2.2523993208617465,548.020903
140.208,9.7536,273.36411,27.0274592,3327.4,14.375,23.731884057971016,11442.216966070062,3997.3626050223315,1092.735470869211,309.2540522080064,1401.9895230772174,3.5334556267486823,548.020903
140.97,5.0038,293.4417,42.6096168,3327.4,28.17258883248731,23.603603603603606,13470.481878040857,2137.3752468598173,627.1950259764645,573.9720709346651,1201.1670969111296,1.092727430021343,416.4958863
127.254,1.8288,193.05375,83.426596,1409.7,69.58333333333334,11.077844311377245,11997.797394941472,720.6110011536327,139.11665606396315,1000.9353961576347,1140.052052221598,0.13898664848700587,964.5167893
127.0,2.8448,270.27525,83.426596,1409.7,44.64285714285714,11.1,11558.086778730245,1109.6001987071982,299.8974711056377,964.2518362220695,1264.1493073277072,0.3110157117051842,1045.225322
127.0,1.7272,193.05375,75.0839364,1714.5,73.52941176470588,13.5,11987.936867398234,679.7501100392103,131.2283078059822,900.1014893189441,1031.3297971249262,0.14579279043885957,850.9270021
127.0,3.0226,270.27525,75.0839364,1714.5,42.016806722689076,13.5,11490.425115631399,1177.2618618060453,318.18474401509434,862.7463485910306,1180.9310926061248,0.36880450961598227,804.0961249
127.254,1.778,193.05375,50.1938528,2032.0,71.57142857142857,15.968063872255488,12017.530611007445,700.8777850876592,135.3070847028667,603.2061625084018,738.5132472112684,0.22431316706082566,353.7225828
127.0,3.2512,270.27525,50.1938528,2032.0,39.0625,16.0,11403.723412297983,1263.9635651394601,341.6180685589589,572.3968143287987,914.0148828877575,0.5968203526072128,526.1000669
127.0,1.6256,193.05375,53.2964948,2032.0,78.125,16.0,12027.40329953018,640.2836779072632,123.6091650837893,641.0184374109131,764.6276024947024,0.1928324645123303,343.7585664
127.0,3.2512,270.27525,53.2964948,2032.0,39.0625,16.0,11403.723412297983,1263.9635651394601,341.6180685589589,607.7784855441777,949.3965541031366,0.5620766063364178,503.1828291
218.25,6.05,302.04482,38.53817317,4365.0,36.074380165289256,20.0,33377.71173989076,4033.208064605111,1218.209603896199,1286.316035050252,2504.525638946451,0.9470531119116523,1716.16375
218.25,6.45,302.04482,41.3252231,3285.0,33.83720930232558,15.051546391752577,33119.15866450031,4291.761139995554,1296.304221012952,1368.6566206947734,2664.960841707725,0.9471361928274653,2064.299825
218.25,6.3,302.04482,36.32775426,2204.0,34.642857142857146,10.098510882016036,33215.99825804722,4194.921546448646,1267.054323411203,1206.6626222189275,2473.716945630131,1.0500485389041234,2412.4359
218.25,6.5,302.04482,36.32775426,943.0,33.57692307692308,4.320733104238259,33086.910215911215,4324.009588584651,1306.044697862325,1201.9731435463061,2508.0178414086313,1.0865839265001926,2755.66865
218.5,6.375,302.04482,36.32775426,941.5,34.27450980392157,4.308924485125858,33248.30953848939,4248.365927972435,1283.1969220085673,1207.8364184746565,2491.0333404832236,1.0623929717478477,2745.862
219.25,6.05,302.04482,36.32775426,941.5,36.239669421487605,4.29418472063854,33702.316800822926,4052.2147001593266,1223.9504597109778,1224.3294827329646,2448.2799424439427,0.9996904240016007,2804.7019
95.0,3.8,281.450855,38.53817317,4318.0,25.0,45.45263157894737,5999.468074633893,1088.7503500280777,306.42971689695173,231.20853958812742,537.6382564850792,1.3253390962237925,202.01699
95.25,3.7,281.450855,38.53817317,4320.0,25.743243243243242,45.354330708661415,6061.406537294823,1064.1673875137396,299.5108210788583,233.59553478803795,533.1063558668963,1.2821769960227674,154.94507
95.5,3.625,281.450855,38.53817317,4320.0,26.344827586206897,45.23560209424084,6116.72998392454,1046.297615801038,294.4813585516637,235.72759935461522,530.2089579062789,1.2492442945073337,140.235095
95.25,3.775,281.450855,41.3252231,2844.0,25.2317880794702,29.858267716535433,6040.725040157161,1084.8488846514012,305.3316461309333,249.63430997025114,554.9659561011845,1.2231157094043668,279.489525
95.25,3.7,281.450855,41.3252231,2844.0,25.743243243243242,29.858267716535433,6061.406537294823,1064.1673875137396,299.5108210788583,250.488977453507,549.9997985323653,1.195704593965418,281.450855
95.5,3.825,281.450855,41.3252231,2844.0,24.96732026143791,29.780104712041886,6061.406537294823,1101.6210624307555,310.0521899071445,250.488977453507,560.5411673606516,1.2377877584042314,291.257505
95.5,3.725,281.450855,36.32775426,1942.5,25.63758389261745,20.340314136125656,6089.036844683145,1073.9907550424323,302.2756162687881,221.2010341737351,523.4766504425232,1.3665199052883976,362.84605
95.25,3.775,281.450855,36.32775426,1942.0,25.2317880794702,20.388451443569554,6040.725040157161,1084.8488846514012,305.3316461309333,219.44597481105797,524.7776209419912,1.3913750133435918,406.975975
95.25,3.775,281.450855,36.32775426,1943.25,25.2317880794702,20.401574803149607,6040.725040157161,1084.8488846514012,305.3316461309333,219.44597481105797,524.7776209419912,1.3913750133435918,406.975975
95.5,3.75,281.450855,41.3252231,1469.0,25.466666666666665,15.38219895287958,6082.12337734984,1080.9042223757383,304.22141756076167,251.34510549070762,555.5665230514693,1.2103733508827326,444.241245
95.25,3.725,281.450855,41.3252231,1466.75,25.57046979865772,15.398950131233596,6054.508777924784,1071.0651468837773,301.4522013511397,250.2039260086501,551.6561273597898,1.2048260239558266,441.29925
95.0,3.7,281.450855,41.3252231,1468.0,25.675675675675674,15.452631578947368,6026.957010352802,1061.2614143091685,298.69293243582473,249.06534306693857,547.7582755027634,1.1992552988616658,495.235825
95.5,3.7,281.450855,41.3252231,997.5,25.81081081081081,10.44502617801047,6095.9542390072675,1067.0733607183101,300.3287097218918,251.91666893436604,552.2453786562578,1.1921748211117342,524.655775
95.25,3.55,281.450855,41.3252231,992.0,26.83098591549296,10.414698162729659,6102.875560322209,1022.6983644863528,287.83932909178566,252.2026940818528,540.0420231736384,1.1413015635684167,507.003805
95.25,3.675,281.450855,41.3252231,995.0,25.918367346938776,10.446194225721785,6068.308223655679,1057.265701152883,297.5683355516534,250.77419118213567,548.3425267337891,1.1865987251277044,534.462425
95.25,3.725,281.450855,41.3252231,504.0,25.57046979865772,5.291338582677166,6054.508777924784,1071.0651468837773,301.4522013511397,250.2039260086501,551.6561273597898,1.2048260239558266,637.43225
95.5,3.75,281.450855,41.3252231,503.75,25.466666666666665,5.274869109947644,6082.12337734984,1080.9042223757383,304.22141756076167,251.34510549070762,555.5665230514693,1.2103733508827326,632.528925
95.5,3.725,281.450855,41.3252231,505.0,25.63758389261745,5.287958115183246,6089.036844683145,1073.9907550424323,302.2756162687881,251.63080607065103,553.9064223394391,1.201266335346545,666.8522
108.0,4.0,327.345977,48.052585,540.0,27.0,5.0,7853.981633974483,1306.902543893354,427.8092900745554,377.40412005499775,805.2134101295532,1.1335575510204083,836.507245
104.0,2.0,344.213415,39.9130655,524.0,52.0,5.038461538461538,7853.981633974483,640.8849013323178,220.60118050953517,313.4764833926206,534.0776639021558,0.7037248157248157,540.346415
105.0,2.5,344.213415,43.541526,530.0,42.0,5.0476190476190474,7853.981633974483,805.0331174823845,277.10319855670775,341.9743455192224,619.0775440759302,0.810304054054054,612.915625
106.0,3.0,344.213415,40.8937305,536.0,35.333333333333336,5.056603773584905,7853.981633974483,970.7521299592461,334.14590577179587,321.1786082917021,655.324514063498,1.0403741007194245,674.69752
107.0,3.5,380.0076875,39.030467,542.0,30.571428571428573,5.065420560747664,7853.981633974483,1138.0419387629026,432.4646854273072,306.54457098344716,739.0092564107543,1.4107726130653264,835.52658
107.0,4.0,380.0076875,38.442068,542.0,26.75,5.065420560747664,7697.68739945839,1294.3361732789947,491.85769605535,295.9150224527226,787.7727185080726,1.6621585885655148,889.463155
108.0,4.5,344.213415,40.8937305,548.0,24.0,5.074074074074074,7697.68739945839,1463.196778409446,503.6519599133137,314.78715398669726,818.439113900011,1.5999762173732088,917.90244
108.0,5.0,380.0076875,40.8937305,548.0,21.6,5.074074074074074,7542.9639612690935,1617.9202165987435,614.8221200691876,308.45993540335076,923.2820554725383,1.9931992764805229,1084.61549
200.0,2.0,237.32093,30.3025485,980.0,100.0,4.9,30171.855845076374,1244.0706908215582,295.2440133315147,914.2841250804353,1209.5281384119498,0.32292370088514905,1412.1576
210.0,2.5,237.32093,33.538743,1040.0,84.0,4.9523809523809526,33006.35781677777,1629.7011890497051,386.7622018073818,1106.9917521829504,1493.7539539903323,0.34938128585393685,1608.2906
210.0,3.0,233.39827,33.538743,1040.0,70.0,4.9523809523809526,32685.129967948207,1950.9290378792616,455.34346233378415,1096.218173916613,1551.5616362503972,0.4153766769865842,1706.3571
180.0,3.0,233.39827,30.3025485,860.0,60.0,4.777777777777778,23778.714795021144,1668.18569905618,389.35165619845304,720.5556583437958,1109.907314542249,0.5403491759309498,1353.3177
106.0,3.0,344.213415,40.8937305,536.0,35.333333333333336,5.056603773584905,7853.981633974483,970.7521299592461,334.14590577179587,321.1786082917021,655.324514063498,1.0403741007194245,657.04555
107.0,4.0,330.9744375,38.442068,542.0,26.75,5.065420560747664,7697.68739945839,1294.3361732789947,428.3921868869178,295.9150224527226,724.3072093396404,1.4476865126215774,889.463155
108.0,4.5,344.213415,40.8937305,518.0,24.0,4.796296296296297,7697.68739945839,1463.196778409446,503.6519599133137,314.78715398669726,818.439113900011,1.5999762173732088,813.95195
108.0,5.0,380.0076875,40.8937305,548.0,21.6,5.074074074074074,7542.9639612690935,1617.9202165987435,614.8221200691876,308.45993540335076,923.2820554725383,1.9931992764805229,1086.57682
108.0,4.0,332.249302,48.052585,324.0,27.0,3.0,7853.981633974483,1306.902543893354,434.21745799059124,377.40412005499775,811.621578045589,1.150537142857143,970.85835
108.0,4.0,332.249302,48.052585,540.0,27.0,5.0,7853.981633974483,1306.902543893354,434.21745799059124,377.40412005499775,811.621578045589,1.150537142857143,836.507245
100.0,2.5,244.185585,42.560861,300.0,40.0,3.0,7088.218424661971,765.7632093125121,186.98833723745324,301.68067910967716,488.6690163471304,0.6198220508827247,670.77486
100.0,2.0,236.340265,42.560861,300.0,50.0,3.0,7238.229473870883,615.7521601035994,145.52702869320711,308.0652785235218,453.5923072167289,0.4723902329749104,537.40442
100.0,1.5,232.417605,42.560861,300.0,66.66666666666667,3.0,7389.811319406591,464.1703145678919,107.88135282396605,314.5167323814905,422.39808520545654,0.3430067202056272,505.042475
166.0,5.0,288.31551,63.743225,1040.0,33.2,6.265060240963855,19113.4497044403,2528.9820861397834,729.1447599462556,1218.3529250363217,1947.4976849825773,0.5984676073433469,1863.2635
166.0,5.0,288.31551,52.95591,1040.0,33.2,6.265060240963855,19113.4497044403,2528.9820861397834,729.1447599462556,1012.1701223378672,1741.3148822841226,0.7203776755058806,1765.197
166.0,5.0,288.31551,33.146477,1040.0,33.2,6.265060240963855,19113.4497044403,2528.9820861397834,729.1447599462556,633.5435210188872,1362.688280965143,1.150899244891052,1372.931
166.0,5.0,288.31551,36.5788045,1040.0,33.2,6.265060240963855,19113.4497044403,2528.9820861397834,729.1447599462556,699.1471400593044,1428.29190000556,1.0429060181586478,1496.49479
166.0,5.0,288.31551,28.831551,1040.0,33.2,6.265060240963855,19113.4497044403,2528.9820861397834,729.1447599462556,551.0703999395055,1280.215159885761,1.3231426692965154,1392.5443
166.0,5.0,288.31551,53.152043,1040.0,33.2,6.265060240963855,19113.4497044403,2528.9820861397834,729.1447599462556,1015.9189005687481,1745.0636605150037,0.717719455301062,1696.55045
166.0,5.0,288.31551,65.2142225,1040.0,33.2,6.265060240963855,19113.4497044403,2528.9820861397834,729.1447599462556,1246.468761767929,1975.6135217141846,0.5849683380047753,1853.45685
166.0,5.0,288.31551,46.091255,1040.0,33.2,6.265060240963855,19113.4497044403,2528.9820861397834,729.1447599462556,880.9628842570324,1610.1076442032881,0.8276679676025013,1627.9039
108.0,4.5,409.91797,34.0290755,240.0,24.0,2.2222222222222223,7697.68739945839,1463.196778409446,599.79065311614,261.9451856915682,861.7358388077082,2.2897563531569296,1245.44455
108.0,4.5,409.91797,34.0290755,240.0,24.0,2.2222222222222223,7697.68739945839,1463.196778409446,599.79065311614,261.9451856915682,861.7358388077082,2.2897563531569296,1235.6379
108.0,4.5,409.91797,34.0290755,285.0,24.0,2.638888888888889,7697.68739945839,1463.196778409446,599.79065311614,261.9451856915682,861.7358388077082,2.2897563531569296,1255.2512
108.0,4.5,409.91797,34.0290755,290.0,24.0,2.685185185185185,7697.68739945839,1463.196778409446,599.79065311614,261.9451856915682,861.7358388077082,2.2897563531569296,1225.83125
108.0,4.5,409.91797,34.0290755,340.0,24.0,3.1481481481481484,7697.68739945839,1463.196778409446,599.79065311614,261.9451856915682,861.7358388077082,2.2897563531569296,1162.088025
108.0,4.5,409.91797,34.0290755,380.0,24.0,3.5185185185185186,7697.68739945839,1463.196778409446,599.79065311614,261.9451856915682,861.7358388077082,2.2897563531569296,1166.99135
108.0,4.5,409.91797,34.0290755,380.0,24.0,3.5185185185185186,7697.68739945839,1463.196778409446,599.79065311614,261.9451856915682,861.7358388077082,2.2897563531569296,1211.121275
108.0,4.5,409.91797,34.0290755,445.0,24.0,4.12037037037037,7697.68739945839,1463.196778409446,599.79065311614,261.9451856915682,861.7358388077082,2.2897563531569296,970.85835
108.0,4.5,409.91797,34.0290755,485.0,24.0,4.4907407407407405,7697.68739945839,1463.196778409446,599.79065311614,261.9451856915682,861.7358388077082,2.2897563531569296,1206.21795
160.0,4.5,409.91797,34.0290755,400.0,35.55555555555556,2.5,17907.86352362522,2198.329459349458,901.1347493677273,609.3880398891386,1510.522789256866,1.4787535861906054,1873.07015
104.0,2.0,344.213415,39.9130655,624.0,52.0,6.0,7853.981633974483,640.8849013323178,220.60118050953517,313.4764833926206,534.0776639021558,0.7037248157248157,540.346415
105.0,2.5,344.213415,43.541526,630.0,42.0,6.0,7853.981633974483,805.0331174823845,277.10319855670775,341.9743455192224,619.0775440759302,0.810304054054054,612.915625
106.0,3.0,344.213415,40.8937305,636.0,35.333333333333336,6.0,7853.981633974483,970.7521299592461,334.14590577179587,321.1786082917021,655.324514063498,1.0403741007194245,674.69752
107.0,3.5,380.0076875,39.030467,642.0,30.571428571428573,6.0,7853.981633974483,1138.0419387629026,432.4646854273072,306.54457098344716,739.0092564107543,1.4107726130653264,835.52658
107.0,4.0,380.0076875,38.3440015,642.0,26.75,6.0,7697.68739945839,1294.3361732789947,491.85769605535,295.1601371913636,787.0178332467136,1.6664096335490584,889.463155
108.0,4.5,344.213415,40.9329571,648.0,24.0,6.0,7697.68739945839,1463.196778409446,503.6519599133137,315.08910809124086,818.7410680045546,1.5984429387748635,917.90244
108.0,5.0,380.0076875,40.9329571,648.0,21.6,6.0,7542.9639612690935,1617.9202165987435,614.8221200691876,308.7558202334739,923.5779403026615,1.9912891669678436,1084.61549
160.0,2.5,433.45393,39.422733,1120.0,64.0,7.0,18869.190875623695,1237.002107350981,536.1834248495646,743.8750738157491,1280.058498665314,0.720797676549614,1426.867575
140.0,2.5,433.45393,47.464186,938.0,56.0,6.7,14313.881527918495,1079.9224746714913,468.09664074168336,679.3967352230876,1147.493375964771,0.6889886519516148,1124.822755
140.0,3.0,426.589275,40.403398,938.0,46.666666666666664,6.7,14102.609421964582,1291.194580625405,550.8097600329205,569.793341314185,1120.6031013471056,0.9666833921971073,1209.159945
100.0,2.5,433.45393,54.8191735,700.0,40.0,7.0,7088.218424661971,765.7632093125121,331.923072525921,388.5702756274412,720.4933481533621,0.8542163241641437,750.208725
100.0,2.5,433.45393,54.8191735,400.0,40.0,4.0,7088.218424661971,765.7632093125121,331.923072525921,388.5702756274412,720.4933481533621,0.8542163241641437,828.661925
100.0,3.0,426.589275,35.892339,700.0,33.333333333333336,7.0,6939.778171779853,914.2034621946298,389.989392140097,249.08487072632272,639.0742628664198,1.5656887991747617,723.73077
100.0,3.0,426.589275,42.953127,400.0,33.333333333333336,4.0,6939.778171779853,914.2034621946298,389.989392140097,298.0851731642879,688.0745653043848,1.3083152979405541,777.667345
200.0,2.0,237.32093,30.3025485,1200.0,100.0,6.0,30171.855845076374,1244.0706908215582,295.2440133315147,914.2841250804353,1209.5281384119498,0.32292370088514905,1412.1576
210.0,2.5,237.32093,33.538743,1260.0,84.0,6.0,33006.35781677777,1629.7011890497051,386.7622018073818,1106.9917521829504,1493.7539539903323,0.34938128585393685,1608.2906
210.0,3.0,233.39827,33.538743,1260.0,70.0,6.0,32685.129967948207,1950.9290378792616,455.34346233378415,1096.218173916613,1551.5616362503972,0.4153766769865842,1706.3571
180.0,3.0,233.39827,30.3025485,1080.0,60.0,6.0,23778.714795021144,1668.18569905618,389.35165619845304,720.5556583437958,1109.907314542249,0.5403491759309498,1353.3177
210.0,2.5,237.32093,32.950344,840.0,84.0,4.0,33006.35781677777,1629.7011890497051,386.7622018073818,1087.5708442499165,1474.3330460572984,0.35562023738704274,1637.71055
100.0,2.5,244.185585,42.560861,380.0,40.0,3.8,7088.218424661971,765.7632093125121,186.98833723745324,301.68067910967716,488.6690163471304,0.6198220508827247,670.77486
100.0,2.0,236.340265,42.560861,380.0,50.0,3.8,7238.229473870883,615.7521601035994,145.52702869320711,308.0652785235218,453.5923072167289,0.4723902329749104,537.40442
100.0,1.5,232.417605,42.560861,380.0,66.66666666666667,3.8,7389.811319406591,464.1703145678919,107.88135282396605,314.5167323814905,422.39808520545654,0.3430067202056272,505.042475
166.0,5.0,288.31551,63.743225,996.0,33.2,6.0,19113.4497044403,2528.9820861397834,729.1447599462556,1218.3529250363217,1947.4976849825773,0.5984676073433469,1863.2635
166.0,5.0,288.31551,52.95591,996.0,33.2,6.0,19113.4497044403,2528.9820861397834,729.1447599462556,1012.1701223378672,1741.3148822841226,0.7203776755058806,1765.197
166.0,5.0,288.31551,33.146477,996.0,33.2,6.0,19113.4497044403,2528.9820861397834,729.1447599462556,633.5435210188872,1362.688280965143,1.150899244891052,1372.931
166.0,5.0,288.31551,36.5788045,996.0,33.2,6.0,19113.4497044403,2528.9820861397834,729.1447599462556,699.1471400593044,1428.29190000556,1.0429060181586478,1490.6108
166.0,5.0,288.31551,28.831551,996.0,33.2,6.0,19113.4497044403,2528.9820861397834,729.1447599462556,551.0703999395055,1280.215159885761,1.3231426692965154,1098.3448
166.0,5.0,288.31551,53.152043,996.0,33.2,6.0,19113.4497044403,2528.9820861397834,729.1447599462556,1015.9189005687481,1745.0636605150037,0.717719455301062,1696.55045
166.0,5.0,288.31551,65.2142225,996.0,33.2,6.0,19113.4497044403,2528.9820861397834,729.1447599462556,1246.468761767929,1975.6135217141846,0.5849683380047753,1853.45685
166.0,5.0,288.31551,46.091255,996.0,33.2,6.0,19113.4497044403,2528.9820861397834,729.1447599462556,880.9628842570324,1610.1076442032881,0.8276679676025013,1627.9039
140.0,5.3,378.53669,27.45862,938.0,26.41509433962264,6.7,13150.989591265698,2242.814411324289,848.9875435469947,361.10802581052013,1210.095569357515,2.3510625155489446,1326.839745
140.0,5.0,378.53669,37.5594695,938.0,28.0,6.7,13273.228961416877,2120.5750411731105,802.7154569822831,498.53543834285387,1301.250895325137,1.6101472337664346,1379.795655
140.0,5.0,378.53669,42.6589275,938.0,28.0,6.7,13273.228961416877,2120.5750411731105,802.7154569822831,566.2217119559829,1368.937168938266,1.4176698632932057,1502.37878
140.0,5.3,378.53669,60.605097,938.0,26.41509433962264,6.7,13150.989591265698,2242.814411324289,848.9875435469947,797.0169998246479,1646.0045433716427,1.065206317724441,1665.16917
140.0,5.0,378.53669,51.2887795,938.0,28.0,6.7,13273.228961416877,2120.5750411731105,802.7154569822831,680.7677134551242,1483.4831704374074,1.1791326778824942,1539.64405
92.0,3.0,260.85689,26.085689,193.2,30.666666666666668,2.1,5808.804816487527,838.8052385084748,218.80812583302898,151.5266759045957,370.3348017376247,1.4440237966468366,538.385085
92.0,3.0,260.85689,26.085689,322.0,30.666666666666668,3.5,5808.804816487527,838.8052385084748,218.80812583302898,151.5266759045957,370.3348017376247,1.4440237966468366,501.119815
92.0,3.0,260.85689,26.085689,644.0,30.666666666666668,7.0,5808.804816487527,838.8052385084748,218.80812583302898,151.5266759045957,370.3348017376247,1.4440237966468366,431.4926
92.0,3.0,260.85689,26.085689,984.4,30.666666666666668,10.7,5808.804816487527,838.8052385084748,218.80812583302898,151.5266759045957,370.3348017376247,1.4440237966468366,408.937305
108.0,4.5,259.876225,25.49729,432.0,24.0,4.0,7697.68739945839,1463.196778409446,380.2500552052083,196.2701679533364,576.5202231585447,1.9373808010171647,931.63175
108.0,4.5,259.876225,25.49729,756.0,24.0,7.0,7697.68739945839,1463.196778409446,380.2500552052083,196.2701679533364,576.5202231585447,1.9373808010171647,665.871535
108.0,4.5,259.876225,25.49729,1080.0,24.0,10.0,7697.68739945839,1463.196778409446,380.2500552052083,196.2701679533364,576.5202231585447,1.9373808010171647,666.8522
108.0,4.5,259.876225,25.49729,1404.0,24.0,13.0,7697.68739945839,1463.196778409446,380.2500552052083,196.2701679533364,576.5202231585447,1.9373808010171647,562.90171
108.0,4.5,259.876225,25.49729,1728.0,24.0,16.0,7697.68739945839,1463.196778409446,380.2500552052083,196.2701679533364,576.5202231585447,1.9373808010171647,524.655775
108.0,4.5,259.876225,25.49729,2052.0,24.0,19.0,7697.68739945839,1463.196778409446,380.2500552052083,196.2701679533364,576.5202231585447,1.9373808010171647,495.235825
108.0,4.0,332.249302,48.052585,432.0,27.0,4.0,7853.981633974483,1306.902543893354,434.21745799059124,377.40412005499775,811.621578045589,1.150537142857143,970.85835
108.0,4.0,327.345977,48.052585,648.0,27.0,6.0,7853.981633974483,1306.902543893354,427.8092900745554,377.40412005499775,805.2134101295532,1.1335575510204083,836.507245
108.0,4.0,337.8390925,43.14926,864.0,27.0,8.0,7853.981633974483,1306.902543893354,441.5227694148722,338.8934955595898,780.4162649744619,1.3028363636363638,785.512665
108.0,4.0,337.8390925,40.991797,1080.0,27.0,10.0,7853.981633974483,1306.902543893354,441.5227694148722,321.9488207816103,763.4715901964826,1.3714066985645934,736.479415
108.0,4.0,327.345977,41.580196,1296.0,27.0,12.0,7853.981633974483,1306.902543893354,427.8092900745554,326.57009572105926,754.3793857956147,1.3100075471698116,686.4655
108.0,4.0,332.249302,40.5014645,1512.0,27.0,14.0,7853.981633974483,1306.902543893354,434.21745799059124,318.0977583320695,752.3152163226607,1.3650440677966105,686.4655
108.0,4.0,347.939942,40.5014645,1728.0,27.0,16.0,7853.981633974483,1306.902543893354,454.72359532190603,318.0977583320695,772.8213536539755,1.4295089588377725,672.73619
108.0,4.2,259.876225,25.889556,432.0,25.71428571428571,4.0,7791.275444608829,1369.6087332590077,355.92874732638285,201.71266193462517,557.641409261008,1.7645334899290503,916.921775
108.0,4.2,259.876225,25.889556,756.0,25.71428571428571,7.0,7791.275444608829,1369.6087332590077,355.92874732638285,201.71266193462517,557.641409261008,1.7645334899290503,722.750105
108.0,4.2,259.876225,28.635418,1080.0,25.71428571428571,10.0,7791.275444608829,1369.6087332590077,355.92874732638285,223.1064291095097,579.0351764358925,1.595331648429004,640.374245
210.0,2.5,237.32093,32.950344,1890.0,84.0,9.0,33006.35781677777,1629.7011890497051,386.7622018073818,1087.5708442499165,1474.3330460572984,0.35562023738704274,1323.89775
106.0,3.0,299.102825,44.129925,463.75,35.333333333333336,4.375,7853.981633974483,970.7521299592461,290.3547044455776,346.59562045867136,636.950324904249,0.8377333333333333,736.479415
106.0,3.0,299.102825,44.129925,463.75,35.333333333333336,4.375,7853.981633974483,970.7521299592461,290.3547044455776,346.59562045867136,636.950324904249,0.8377333333333333,603.108975
106.0,3.0,299.102825,44.129925,463.75,35.333333333333336,4.375,7853.981633974483,970.7521299592461,290.3547044455776,346.59562045867136,636.950324904249,0.8377333333333333,531.52043
106.0,3.0,299.102825,44.129925,463.75,35.333333333333336,4.375,7853.981633974483,970.7521299592461,290.3547044455776,346.59562045867136,636.950324904249,0.8377333333333333,405.014645
106.0,3.0,299.102825,44.129925,463.75,35.333333333333336,4.375,7853.981633974483,970.7521299592461,290.3547044455776,346.59562045867136,636.950324904249,0.8377333333333333,345.19408
106.0,3.0,299.102825,44.129925,463.75,35.333333333333336,4.375,7853.981633974483,970.7521299592461,290.3547044455776,346.59562045867136,636.950324904249,0.8377333333333333,255.953565
106.0,3.0,299.102825,44.129925,463.75,35.333333333333336,4.375,7853.981633974483,970.7521299592461,290.3547044455776,346.59562045867136,636.950324904249,0.8377333333333333,200.05566
106.0,3.0,299.102825,44.129925,1404.5,35.333333333333336,13.25,7853.981633974483,970.7521299592461,290.3547044455776,346.59562045867136,636.950324904249,0.8377333333333333,283.412185
106.0,3.0,299.102825,44.129925,1537.0,35.333333333333336,14.5,7853.981633974483,970.7521299592461,290.3547044455776,346.59562045867136,636.950324904249,0.8377333333333333,279.489525
159.3,5.25,357.2562595,40.991797,409.0,30.342857142857145,2.567482736974262,17389.846310974797,2540.802328498917,907.7175360084134,712.8410498406778,1620.5585858490913,1.2733799999471005,2451.6625
159.3,5.25,357.2562595,40.991797,409.0,30.342857142857145,2.567482736974262,17389.846310974797,2540.802328498917,907.7175360084134,712.8410498406778,1620.5585858490913,1.2733799999471005,2050.570515
159.3,5.25,357.2562595,40.991797,409.0,30.342857142857145,2.567482736974262,17389.846310974797,2540.802328498917,907.7175360084134,712.8410498406778,1620.5585858490913,1.2733799999471005,2108.42975
159.3,5.25,357.2562595,40.991797,409.0,30.342857142857145,2.567482736974262,17389.846310974797,2540.802328498917,907.7175360084134,712.8410498406778,1620.5585858490913,1.2733799999471005,2042.725195
159.3,5.25,357.2562595,40.991797,409.0,30.342857142857145,2.567482736974262,17389.846310974797,2540.802328498917,907.7175360084134,712.8410498406778,1620.5585858490913,1.2733799999471005,1904.45143
159.3,5.25,357.2562595,40.991797,409.0,30.342857142857145,2.567482736974262,17389.846310974797,2540.802328498917,907.7175360084134,712.8410498406778,1620.5585858490913,1.2733799999471005,1912.29675
159.3,5.25,357.2562595,40.991797,409.0,30.342857142857145,2.567482736974262,17389.846310974797,2540.802328498917,907.7175360084134,712.8410498406778,1620.5585858490913,1.2733799999471005,1814.23025
105.3,3.0,322.050386,29.1257505,312.0,35.1,2.9629629629629632,7744.4107361989045,964.1547853867078,310.5064207975364,225.5617748720506,536.068195669587,1.3765914946079427,627.6256
105.2,2.95,322.050386,29.1257505,312.0,35.66101694915254,2.9657794676806084,7744.4107361989045,947.6221540471921,305.1820804930497,225.5617748720506,530.7438553651002,1.3529866958449122,583.495675
105.1,2.75,322.050386,29.1257505,312.0,38.21818181818182,2.9686013320647002,7791.275444608829,884.2405222610174,284.77000151100225,226.92674467645332,511.6967461874556,1.2548983678279986,575.650355
105.3,3.15,322.050386,46.1893215,312.0,33.42857142857143,2.9629629629629632,7697.68739945839,1010.8781221272218,325.5536894300269,355.55095810008254,681.1046475301094,0.9156315909529575,767.860695
105.2,3.05,322.050386,46.1893215,312.0,34.49180327868853,2.9657794676806084,7713.246137075295,978.7867531708016,315.2186516703434,356.2696056340039,671.4882573043473,0.884775593217929,776.68668
105.2,3.05,322.050386,46.1893215,312.0,34.49180327868853,2.9657794676806084,7713.246137075295,978.7867531708016,315.2186516703434,356.2696056340039,671.4882573043473,0.884775593217929,785.512665
108.3,4.4,322.050386,29.1257505,312.0,24.61363636363636,2.880886426592798,7775.638167175587,1436.2104975151094,462.5321451019931,226.4712972354334,689.0034423374265,2.04234333775709,758.054045
108.2,4.45,322.050386,29.1257505,312.0,24.314606741573034,2.8835489833641406,7744.4107361989045,1450.4340582542377,467.11284832832376,225.5617748720506,692.6746232003743,2.070886561312494,745.3054
108.2,4.45,322.050386,29.1257505,312.0,24.314606741573034,2.8835489833641406,7744.4107361989045,1450.4340582542377,467.11284832832376,225.5617748720506,692.6746232003743,2.070886561312494,738.440745
153.9,1.83,357.2562595,34.323275,424.0,84.09836065573771,2.7550357374918777,17728.052583141416,874.2678505414609,312.3376620855474,608.4848240256233,920.8224861111707,0.5133039473674611,1079.712165
156.3,3.03,357.2562595,42.953127,424.0,51.58415841584159,2.712731925783749,17728.052583141416,1458.981075227593,521.230121617098,761.4752940663514,1282.7054156834492,0.684500371422005,1372.931
159.3,4.83,357.2562595,40.991797,420.0,32.98136645962733,2.6365348399246704,17586.737462397643,2343.911177076075,837.3769397224407,720.9119719508992,1558.28891167334,1.1615522730970458,1864.244165
159.8,5.08,357.2562595,40.991797,425.0,31.45669291338583,2.6595744680851063,17586.737462397643,2469.2214540461373,882.1448205496741,720.9119719508992,1603.0567925005735,1.2236512290986845,1912.29675
101.3,0.55,357.2562595,42.953127,300.0,184.18181818181816,2.9615004935834155,7885.428976436917,174.0835029170427,62.19242109280001,338.7038322743749,400.89625336717495,0.18361888814538005,373.633365
101.3,0.55,357.2562595,42.953127,300.0,184.18181818181816,2.9615004935834155,7885.428976436917,174.0835029170427,62.19242109280001,338.7038322743749,400.89625336717495,0.18361888814538005,343.23275
105.0,2.86,265.0737495,34.323275,321.0,36.71328671328671,3.057142857142857,7741.291448853156,917.7233026037111,243.2643568246888,265.70647525413534,508.9708320788242,0.9155379318175,578.59235
107.9,4.3,265.0737495,34.323275,321.0,25.093023255813957,2.974976830398517,7744.410736198906,1399.516695321181,370.9751379166346,265.8135394115075,636.7886773281421,1.395621678030199,830.623255
107.9,4.3,265.0737495,34.323275,320.0,25.093023255813957,2.9657089898053752,7744.410736198906,1399.516695321181,370.9751379166346,265.8135394115075,636.7886773281421,1.395621678030199,805.125965
102.7,1.65,265.0737495,40.991797,309.0,62.24242424242425,3.008763388510224,7760.016597705612,523.8055971146604,138.8471136362694,318.0970250897791,456.9441387260485,0.4364929649910478,485.429175
102.5,1.55,265.0737495,40.991797,311.0,66.12903225806451,3.0341463414634147,7760.016597705612,491.57285648882845,130.30306022191917,318.0970250897791,448.40008531169826,0.40963306772561825,441.29925
102.3,1.45,265.0737495,40.991797,312.0,70.55172413793103,3.0498533724340176,7760.016597705611,459.40294771606966,121.77566188245105,318.09702508977904,439.8726869722301,0.3828255289343914,438.357255
105.0,2.8,265.0737495,34.323275,311.0,37.5,2.961904761904762,7760.016597705612,898.9981537512548,238.30081140842262,266.34918368761413,504.6499950960367,0.8946932298013428,577.611685
105.2,2.9,265.0737495,34.323275,311.0,36.275862068965516,2.956273764258555,7760.016597705612,932.0162925404842,247.05305325879502,266.34918368761413,513.4022369464092,0.927553258614637,586.43767
108.55,4.6,272.036471,36.480738,325.7,23.597826086956523,3.0004606172270845,7752.211703456849,1502.2153591670317,408.6573649897968,282.80640407434305,691.4637690641398,1.4450074648322693,757.07338
108.55,4.6,272.036471,36.480738,325.7,23.597826086956523,3.0004606172270845,7752.211703456849,1502.2153591670317,408.6573649897968,282.80640407434305,691.4637690641398,1.4450074648322693,674.69752
108.55,4.6,272.036471,36.480738,325.7,23.597826086956523,3.0004606172270845,7752.211703456849,1502.2153591670317,408.6573649897968,282.80640407434305,691.4637690641398,1.4450074648322693,611.93496
108.55,4.6,272.036471,36.480738,325.7,23.597826086956523,3.0004606172270845,7752.211703456849,1502.2153591670317,408.6573649897968,282.80640407434305,691.4637690641398,1.4450074648322693,551.13373
108.55,4.6,272.036471,36.480738,325.7,23.597826086956523,3.0004606172270845,7752.211703456849,1502.2153591670317,408.6573649897968,282.80640407434305,691.4637690641398,1.4450074648322693,531.52043
108.55,4.6,272.036471,36.480738,325.7,23.597826086956523,3.0004606172270845,7752.211703456849,1502.2153591670317,408.6573649897968,282.80640407434305,691.4637690641398,1.4450074648322693,433.45393
108.55,4.6,272.036471,36.480738,325.7,23.597826086956523,3.0004606172270845,7752.211703456849,1502.2153591670317,408.6573649897968,282.80640407434305,691.4637690641398,1.4450074648322693,445.22191
108.55,4.6,272.036471,36.480738,814.1,23.597826086956523,7.499769691386458,7752.211703456849,1502.2153591670317,408.6573649897968,282.80640407434305,691.4637690641398,1.4450074648322693,543.7787425
108.55,4.6,272.036471,36.480738,814.1,23.597826086956523,7.499769691386458,7752.211703456849,1502.2153591670317,408.6573649897968,282.80640407434305,691.4637690641398,1.4450074648322693,494.1570935
108.55,4.6,272.036471,36.480738,814.1,23.597826086956523,7.499769691386458,7752.211703456849,1502.2153591670317,408.6573649897968,282.80640407434305,691.4637690641398,1.4450074648322693,431.884866
108.55,4.6,272.036471,36.480738,814.1,23.597826086956523,7.499769691386458,7752.211703456849,1502.2153591670317,408.6573649897968,282.80640407434305,691.4637690641398,1.4450074648322693,424.3337455
108.55,4.6,272.036471,36.480738,814.1,23.597826086956523,7.499769691386458,7752.211703456849,1502.2153591670317,408.6573649897968,282.80640407434305,691.4637690641398,1.4450074648322693,399.6209875
108.55,4.6,272.036471,36.480738,814.1,23.597826086956523,7.499769691386458,7752.211703456849,1502.2153591670317,408.6573649897968,282.80640407434305,691.4637690641398,1.4450074648322693,386.6762095
108.55,4.6,272.036471,36.480738,814.1,23.597826086956523,7.499769691386458,7752.211703456849,1502.2153591670317,408.6573649897968,282.80640407434305,691.4637690641398,1.4450074648322693,374.3198305
108.55,4.6,272.036471,36.480738,814.1,23.597826086956523,7.499769691386458,7752.211703456849,1502.2153591670317,408.6573649897968,282.80640407434305,691.4637690641398,1.4450074648322693,345.8805455
108.55,4.6,272.036471,36.480738,1628.3,23.597826086956523,15.000460617227084,7752.211703456849,1502.2153591670317,408.6573649897968,282.80640407434305,691.4637690641398,1.4450074648322693,344.213415
108.55,4.6,272.036471,36.480738,1628.3,23.597826086956523,15.000460617227084,7752.211703456849,1502.2153591670317,408.6573649897968,282.80640407434305,691.4637690641398,1.4450074648322693,328.718908
108.55,4.6,272.036471,36.480738,1628.3,23.597826086956523,15.000460617227084,7752.211703456849,1502.2153591670317,408.6573649897968,282.80640407434305,691.4637690641398,1.4450074648322693,323.7175165
108.55,4.6,272.036471,36.480738,1628.3,23.597826086956523,15.000460617227084,7752.211703456849,1502.2153591670317,408.6573649897968,282.80640407434305,691.4637690641398,1.4450074648322693,302.5351525
108.55,4.6,272.036471,36.480738,1628.3,23.597826086956523,15.000460617227084,7752.211703456849,1502.2153591670317,408.6573649897968,282.80640407434305,691.4637690641398,1.4450074648322693,301.848687
108.55,4.6,272.036471,36.480738,1628.3,23.597826086956523,15.000460617227084,7752.211703456849,1502.2153591670317,408.6573649897968,282.80640407434305,691.4637690641398,1.4450074648322693,270.9577395
273.0,8.0,306.948145,34.02123018,1100.0,34.125,4.029304029304029,51874.76329423806,6660.176425610362,2044.3287992138312,1764.8432625662883,3809.1720617801193,1.1583628090809255,5579.98385
273.0,8.0,306.948145,11.62872557,1100.0,34.125,4.029304029304029,51874.76329423806,6660.176425610362,2044.3287992138312,603.2373863574036,2647.5661855712347,3.3889292100384107,4040.3398
273.0,8.0,306.948145,11.62872557,1100.0,34.125,4.029304029304029,51874.76329423806,6660.176425610362,2044.3287992138312,603.2373863574036,2647.5661855712347,3.3889292100384107,3844.2068
273.0,8.0,306.948145,17.10672026,1100.0,34.125,4.029304029304029,51874.76329423806,6660.176425610362,2044.3287992138312,887.4070642282466,2931.735863442078,2.303710305700268,5197.5245
273.0,8.0,306.948145,17.10672026,1100.0,34.125,4.029304029304029,51874.76329423806,6660.176425610362,2044.3287992138312,887.4070642282466,2931.735863442078,2.303710305700268,5295.591
204.0,2.0,235.3596,11.91704108,880.0,102.0,4.313725490196078,31415.926535897932,1269.2034320502764,298.71921208598025,374.38488709455777,673.104099180538,0.7978933508887426,1068.92485
204.0,2.0,235.3596,11.91704108,880.0,102.0,4.313725490196078,31415.926535897932,1269.2034320502764,298.71921208598025,374.38488709455777,673.104099180538,0.7978933508887426,1039.5049
204.0,2.0,235.3596,32.77186297,840.0,102.0,4.117647058823529,31415.926535897932,1269.2034320502764,298.71921208598025,1029.5584395100338,1328.277651596014,0.29014303668681546,1294.4778
204.0,2.0,235.3596,45.1694299,840.0,102.0,4.117647058823529,31415.926535897932,1269.2034320502764,298.71921208598025,1419.0394914067913,1717.7587034927715,0.21050803300043425,1637.71055
204.0,2.0,235.3596,45.93827126,840.0,102.0,4.117647058823529,31415.926535897932,1269.2034320502764,298.71921208598025,1443.1933550903113,1741.9125671762915,0.20698488600461104,1691.647125
96.0,5.0,410.898635,11.91704108,410.0,19.2,4.270833333333333,5808.804816487527,1429.424657383356,587.3486405541636,69.22376562378372,656.5724061779473,8.484783155921871,912.01845
96.0,5.0,410.898635,11.91704108,450.0,19.2,4.6875,5808.804816487527,1429.424657383356,587.3486405541636,69.22376562378372,656.5724061779473,8.484783155921871,843.3719
96.0,5.0,410.898635,32.77186297,450.0,19.2,4.6875,5808.804816487527,1429.424657383356,587.3486405541636,190.36535546540523,777.7139960195689,3.0853756930624985,1044.408225
96.0,5.0,410.898635,32.77186297,450.0,19.2,4.6875,5808.804816487527,1429.424657383356,587.3486405541636,190.36535546540523,777.7139960195689,3.0853756930624985,1166.99135
96.0,5.0,410.898635,45.1694299,400.0,19.2,4.166666666666667,5808.804816487527,1429.424657383356,587.3486405541636,262.3804019611157,849.7290425152793,2.2385385347538556,1176.798
96.0,5.0,410.898635,45.1694299,400.0,19.2,4.166666666666667,5808.804816487527,1429.424657383356,587.3486405541636,262.3804019611157,849.7290425152793,2.2385385347538556,1171.894675
96.0,5.0,410.898635,45.1694299,400.0,19.2,4.166666666666667,5808.804816487527,1429.424657383356,587.3486405541636,262.3804019611157,849.7290425152793,2.2385385347538556,1073.828175
96.0,5.0,410.898635,45.1694299,405.0,19.2,4.21875,5808.804816487527,1429.424657383356,587.3486405541636,262.3804019611157,849.7290425152793,2.2385385347538556,1122.861425
121.0,12.0,294.1995,11.91704108,500.0,10.083333333333334,4.132231404958677,7389.811319406591,4109.20319089545,1208.925524159846,88.06468506681735,1296.9902092266634,13.72769939780739,2417.339225
121.0,12.0,294.1995,11.91704108,500.0,10.083333333333334,4.132231404958677,7389.811319406591,4109.20319089545,1208.925524159846,88.06468506681735,1296.9902092266634,13.72769939780739,2373.2093
121.0,12.0,294.1995,32.77186297,500.0,10.083333333333334,4.132231404958677,7389.811319406591,4109.20319089545,1208.925524159846,242.17788393374772,1451.1034080935938,4.991890690111778,2500.69575
166.0,5.0,274.5862,30.7536544,660.0,33.2,3.9759036144578315,19113.4497044403,2528.9820861397834,694.4235809011959,587.8084266021391,1282.232007503335,1.1813773833004606,1745.5837
166.0,5.0,274.5862,30.7536544,660.0,33.2,3.9759036144578315,19113.4497044403,2528.9820861397834,694.4235809011959,587.8084266021391,1282.232007503335,1.1813773833004606,1696.55045
166.0,5.0,274.5862,34.02123018,660.0,33.2,3.9759036144578315,19113.4497044403,2528.9820861397834,694.4235809011959,650.2630719286165,1344.6866528298124,1.0679117589156704,1863.2635
166.0,5.0,274.5862,34.02123018,660.0,33.2,3.9759036144578315,19113.4497044403,2528.9820861397834,694.4235809011959,650.2630719286165,1344.6866528298124,1.0679117589156704,1873.07015
166.0,5.0,274.5862,34.02123018,660.0,33.2,3.9759036144578315,19113.4497044403,2528.9820861397834,694.4235809011959,650.2630719286165,1344.6866528298124,1.0679117589156704,1696.55045
166.0,5.0,274.5862,34.02123018,660.0,33.2,3.9759036144578315,19113.4497044403,2528.9820861397834,694.4235809011959,650.2630719286165,1344.6866528298124,1.0679117589156704,1735.77705
166.0,5.0,274.5862,34.02123018,660.0,33.2,3.9759036144578315,19113.4497044403,2528.9820861397834,694.4235809011959,650.2630719286165,1344.6866528298124,1.0679117589156704,2029.97655
166.0,5.0,274.5862,34.02123018,660.0,33.2,3.9759036144578315,19113.4497044403,2528.9820861397834,694.4235809011959,650.2630719286165,1344.6866528298124,1.0679117589156704,2108.42975
121.0,12.0,294.1995,11.62872557,500.0,10.083333333333334,4.132231404958677,7389.811319406591,4109.20319089545,1208.925524159846,85.93408784745887,1294.8596120073048,14.068055581224101,2333.9827
121.0,12.0,294.1995,32.77186297,500.0,10.083333333333334,4.132231404958677,7389.811319406591,4109.20319089545,1208.925524159846,242.17788393374772,1451.1034080935938,4.991890690111778,2422.24255
121.0,12.0,294.1995,45.93827126,500.0,10.083333333333334,4.132231404958677,7389.811319406591,4109.20319089545,1208.925524159846,339.4751569511185,1548.4006811109643,3.561160513238737,2588.9556
166.0,5.0,274.5862,34.02123018,350.0,33.2,2.108433734939759,19113.4497044403,2528.9820861397834,694.4235809011959,650.2630719286165,1344.6866528298124,1.0679117589156704,1784.8103
166.0,5.0,274.5862,34.02123018,350.0,33.2,2.108433734939759,19113.4497044403,2528.9820861397834,694.4235809011959,650.2630719286165,1344.6866528298124,1.0679117589156704,2039.7832
166.0,5.0,274.5862,34.02123018,500.0,33.2,3.0120481927710845,19113.4497044403,2528.9820861397834,694.4235809011959,650.2630719286165,1344.6866528298124,1.0679117589156704,2000.5566
166.0,5.0,274.5862,34.02123018,500.0,33.2,3.0120481927710845,19113.4497044403,2528.9820861397834,694.4235809011959,650.2630719286165,1344.6866528298124,1.0679117589156704,2044.686525
166.0,5.0,274.5862,34.02123018,660.0,33.2,3.9759036144578315,19113.4497044403,2528.9820861397834,694.4235809011959,650.2630719286165,1344.6866528298124,1.0679117589156704,1976.039975
166.0,5.0,274.5862,34.02123018,1100.0,33.2,6.626506024096385,19113.4497044403,2528.9820861397834,694.4235809011959,650.2630719286165,1344.6866528298124,1.0679117589156704,1985.846625
320.0,7.0,250.069575,51.8967918,260.0,45.714285714285715,0.8125,73541.54242788347,6883.229504015237,1721.2862766965509,3816.570116030735,5537.856392727286,0.4510034466461481,7913.96655
320.0,7.0,250.069575,51.8967918,440.0,45.714285714285715,1.375,73541.54242788347,6883.229504015237,1721.2862766965509,3816.570116030735,5537.856392727286,0.4510034466461481,5903.6033
320.0,7.0,250.069575,51.8967918,520.0,45.714285714285715,1.625,73541.54242788347,6883.229504015237,1721.2862766965509,3816.570116030735,5537.856392727286,0.4510034466461481,5893.79665
320.0,7.0,250.069575,51.8967918,520.0,45.714285714285715,1.625,73541.54242788347,6883.229504015237,1721.2862766965509,3816.570116030735,5537.856392727286,0.4510034466461481,6384.12915
121.0,12.0,294.1995,8.985833395,200.0,10.083333333333334,1.6528925619834711,7389.811319406591,4109.20319089545,1208.925524159846,66.40361333667276,1275.3291374965188,18.205718987466483,2706.6354
121.0,12.0,294.1995,15.3768272,200.0,10.083333333333334,1.6528925619834711,7389.811319406591,4109.20319089545,1208.925524159846,113.63185169911914,1322.557375858965,10.638967033300728,2745.862
121.0,12.0,294.1995,15.3768272,200.0,10.083333333333334,1.6528925619834711,7389.811319406591,4109.20319089545,1208.925524159846,113.63185169911914,1322.557375858965,10.638967033300728,2843.9285
166.0,5.0,277.528195,45.4047895,710.48,33.2,4.28,19113.4497044403,2528.9820861397834,701.8638335537086,867.842160448949,1569.7059940026575,0.8087459512114771,1657.32385
166.0,5.0,277.528195,48.837117,710.48,33.2,4.28,19113.4497044403,2528.9820861397834,701.8638335537086,933.4457794893664,1635.309613043075,0.7519063763271363,1907.393425
166.0,5.0,277.528195,45.4047895,710.48,33.2,4.28,19113.4497044403,2528.9820861397834,701.8638335537086,867.842160448949,1569.7059940026575,0.8087459512114771,1642.613875
166.0,5.0,277.528195,45.4047895,710.48,33.2,4.28,19113.4497044403,2528.9820861397834,701.8638335537086,867.842160448949,1569.7059940026575,0.8087459512114771,1569.064
166.0,5.0,329.50344,45.4047895,710.48,33.2,4.28,19113.4497044403,2528.9820861397834,833.308297081435,867.842160448949,1701.1504575303838,0.9602072070920717,1569.064
166.0,5.0,294.1995,48.837117,710.48,33.2,4.28,19113.4497044403,2528.9820861397834,744.0252652512812,933.4457794893664,1677.4710447406476,0.7970738971665756,1569.064
166.0,5.0,286.35418,48.837117,710.48,33.2,4.28,19113.4497044403,2528.9820861397834,724.1845915112469,933.4457794893664,1657.6303710006132,0.7758185932421334,1127.76475
166.0,5.0,249.08891,48.837117,710.48,33.2,4.28,19113.4497044403,2528.9820861397834,629.9413912460847,933.4457794893664,1563.387170735451,0.6748558996010339,1201.314625
166.0,5.0,313.8128,45.4047895,710.48,33.2,4.28,19113.4497044403,2528.9820861397834,793.6269496013665,867.842160448949,1661.4691100503155,0.9144830543734015,1039.5049
166.0,5.0,279.489525,45.4047895,710.48,33.2,4.28,19113.4497044403,2528.9820861397834,706.8240019887172,867.842160448949,1574.6661624376661,0.8144614703013109,990.47165
166.0,5.0,279.489525,45.4047895,710.48,33.2,4.28,19113.4497044403,2528.9820861397834,706.8240019887172,867.842160448949,1574.6661624376661,0.8144614703013109,735.49875
166.0,5.0,296.16083,45.4047895,710.48,33.2,4.28,19113.4497044403,2528.9820861397834,748.9854336862898,867.842160448949,1616.8275941352388,0.8630433825648979,843.3719
166.0,5.0,296.16083,48.837117,710.48,33.2,4.28,19113.4497044403,2528.9820861397834,748.9854336862898,933.4457794893664,1682.431213175656,0.8023877231476861,563.882375
166.0,5.0,296.16083,48.837117,710.48,33.2,4.28,19113.4497044403,2528.9820861397834,748.9854336862898,933.4457794893664,1682.431213175656,0.8023877231476861,509.9458
166.0,5.0,313.8128,48.837117,869.84,33.2,5.24,19113.4497044403,2528.9820861397834,793.6269496013665,933.4457794893664,1727.072729090733,0.8502121569776805,1828.940225
166.0,5.0,284.39285,48.837117,869.84,33.2,5.24,19113.4497044403,2528.9820861397834,719.2244230762385,933.4457794893664,1652.670202565605,0.7705047672610231,1863.2635
166.0,5.0,289.296175,48.837117,869.84,33.2,5.24,19113.4497044403,2528.9820861397834,731.6248441637598,933.4457794893664,1665.0706236531262,0.7837893322137993,1431.7709
166.0,5.0,296.16083,48.837117,869.84,33.2,5.24,19113.4497044403,2528.9820861397834,748.9854336862898,933.4457794893664,1682.431213175656,0.8023877231476861,1524.934075
166.0,5.0,298.12216,48.837117,869.84,33.2,5.24,19113.4497044403,2528.9820861397834,753.9456021212983,933.4457794893664,1687.3913816106647,0.8077015491287965,1019.8916
166.0,5.0,279.489525,48.837117,869.84,33.2,5.24,19113.4497044403,2528.9820861397834,706.8240019887172,933.4457794893664,1640.2697814780836,0.7572202023082469,1039.5049
166.0,5.0,296.16083,48.837117,869.84,33.2,5.24,19113.4497044403,2528.9820861397834,748.9854336862898,933.4457794893664,1682.431213175656,0.8023877231476861,815.91328
166.0,5.0,296.16083,48.837117,869.84,33.2,5.24,19113.4497044403,2528.9820861397834,748.9854336862898,933.4457794893664,1682.431213175656,0.8023877231476861,799.241975
166.0,5.0,313.8128,48.837117,869.84,33.2,5.24,19113.4497044403,2528.9820861397834,793.6269496013665,933.4457794893664,1727.072729090733,0.8502121569776805,509.9458
166.0,5.0,304.00615,48.837117,869.84,33.2,5.24,19113.4497044403,2528.9820861397834,768.8261074263239,933.4457794893664,1702.2718869156902,0.8236430270721281,490.3325
166.0,5.0,294.1995,48.837117,1699.84,33.2,10.24,19113.4497044403,2528.9820861397834,744.0252652512812,933.4457794893664,1677.4710447406476,0.7970738971665756,1544.547375
166.0,5.0,313.8128,48.837117,1699.84,33.2,10.24,19113.4497044403,2528.9820861397834,793.6269496013665,933.4457794893664,1727.072729090733,0.8502121569776805,1461.19085
166.0,5.0,296.16083,48.837117,1699.84,33.2,10.24,19113.4497044403,2528.9820861397834,748.9854336862898,933.4457794893664,1682.431213175656,0.8023877231476861,1274.8645
166.0,5.0,294.1995,48.837117,1699.84,33.2,10.24,19113.4497044403,2528.9820861397834,744.0252652512812,933.4457794893664,1677.4710447406476,0.7970738971665756,1176.798
166.0,5.0,294.1995,48.837117,1699.84,33.2,10.24,19113.4497044403,2528.9820861397834,744.0252652512812,933.4457794893664,1677.4710447406476,0.7970738971665756,872.79185
166.0,5.0,294.1995,48.837117,1699.84,33.2,10.24,19113.4497044403,2528.9820861397834,744.0252652512812,933.4457794893664,1677.4710447406476,0.7970738971665756,887.501825
166.0,5.0,294.1995,48.837117,1699.84,33.2,10.24,19113.4497044403,2528.9820861397834,744.0252652512812,933.4457794893664,1677.4710447406476,0.7970738971665756,686.4655
166.0,5.0,296.16083,48.837117,1699.84,33.2,10.24,19113.4497044403,2528.9820861397834,748.9854336862898,933.4457794893664,1682.431213175656,0.8023877231476861,468.75787
166.0,5.0,289.296175,33.0484105,2700.82,33.2,16.27,19113.4497044403,2528.9820861397834,731.6248441637598,631.6691319034468,1363.2939760672066,1.1582406155562968,1117.9581
166.0,5.0,289.296175,33.0484105,2700.82,33.2,16.27,19113.4497044403,2528.9820861397834,731.6248441637598,631.6691319034468,1363.2939760672066,1.1582406155562968,1271.922505
166.0,5.0,329.50344,33.0484105,2700.82,33.2,16.27,19113.4497044403,2528.9820861397834,833.308297081435,631.6691319034468,1464.9774289848817,1.3192164299217481,809.048625
166.0,5.0,329.50344,33.0484105,2700.82,33.2,16.27,19113.4497044403,2528.9820861397834,833.308297081435,631.6691319034468,1464.9774289848817,1.3192164299217481,784.532
166.0,5.0,286.35418,33.0484105,2700.82,33.2,16.27,19113.4497044403,2528.9820861397834,724.1845915112469,631.6691319034468,1355.8537234146938,1.1464618974319953,588.399
166.0,5.0,286.35418,33.0484105,2700.82,33.2,16.27,19113.4497044403,2528.9820861397834,724.1845915112469,631.6691319034468,1355.8537234146938,1.1464618974319953,585.457005
166.0,5.0,289.296175,33.0484105,2700.82,33.2,16.27,19113.4497044403,2528.9820861397834,731.6248441637598,631.6691319034468,1363.2939760672066,1.1582406155562968,478.56452
166.0,5.0,249.08891,33.0484105,2700.82,33.2,16.27,19113.4497044403,2528.9820861397834,629.9413912460847,631.6691319034468,1261.6105231495314,0.9972648011908453,462.87388
166.0,5.0,286.35418,33.0484105,2700.82,33.2,16.27,19113.4497044403,2528.9820861397834,724.1845915112469,631.6691319034468,1355.8537234146938,1.1464618974319953,333.4261
166.0,5.0,287.334845,33.0484105,3700.14,33.2,22.29,19113.4497044403,2528.9820861397834,726.6646757287513,631.6691319034468,1358.333807632198,1.1503881368067626,984.58766
166.0,5.0,287.334845,33.0484105,3700.14,33.2,22.29,19113.4497044403,2528.9820861397834,726.6646757287513,631.6691319034468,1358.333807632198,1.1503881368067626,959.09037
166.0,5.0,292.23817,33.0484105,3700.14,33.2,22.29,19113.4497044403,2528.9820861397834,739.0650968162727,631.6691319034468,1370.7342287197193,1.1700193336805982,627.6256
166.0,5.0,292.23817,33.0484105,3700.14,33.2,22.29,19113.4497044403,2528.9820861397834,739.0650968162727,631.6691319034468,1370.7342287197193,1.1700193336805982,656.064885
166.0,5.0,249.7753755,33.0484105,3700.14,33.2,22.29,19113.4497044403,2528.9820861397834,631.6774501983377,631.6691319034468,1263.3465821017844,1.0000131687531824,497.197155
166.0,5.0,284.39285,33.0484105,3700.14,33.2,22.29,19113.4497044403,2528.9820861397834,719.2244230762385,631.6691319034468,1350.8935549796852,1.1386094186824613,480.52585
166.0,5.0,298.12216,33.0484105,3700.14,33.2,22.29,19113.4497044403,2528.9820861397834,753.9456021212983,631.6691319034468,1385.614734024745,1.1935767699292008,394.22733
166.0,5.0,298.12216,33.0484105,3700.14,33.2,22.29,19113.4497044403,2528.9820861397834,753.9456021212983,631.6691319034468,1385.614734024745,1.1935767699292008,396.18866
166.0,5.0,304.00615,33.0484105,3700.14,33.2,22.29,19113.4497044403,2528.9820861397834,768.8261074263239,631.6691319034468,1400.4952393297708,1.2171342061778034,304.00615
108.0,4.0,339.113957,33.34849399,324.0,27.0,3.0,7853.981633974483,1306.902543893354,443.1888930730415,261.91845931816846,705.10735239121,1.6920872787155208,1117.9581
108.0,4.0,339.113957,33.34849399,324.0,27.0,3.0,7853.981633974483,1306.902543893354,443.1888930730415,261.91845931816846,705.10735239121,1.6920872787155208,1059.1182
108.0,4.0,339.113957,33.34849399,324.0,27.0,3.0,7853.981633974483,1306.902543893354,443.1888930730415,261.91845931816846,705.10735239121,1.6920872787155208,1073.828175
108.0,4.0,339.113957,33.34849399,648.0,27.0,6.0,7853.981633974483,1306.902543893354,443.1888930730415,261.91845931816846,705.10735239121,1.6920872787155208,825.71993
108.0,4.0,339.113957,33.34849399,648.0,27.0,6.0,7853.981633974483,1306.902543893354,443.1888930730415,261.91845931816846,705.10735239121,1.6920872787155208,828.661925
108.0,4.0,339.113957,33.34849399,864.0,27.0,8.0,7853.981633974483,1306.902543893354,443.1888930730415,261.91845931816846,705.10735239121,1.6920872787155208,766.88003
108.0,4.0,339.113957,33.34849399,864.0,27.0,8.0,7853.981633974483,1306.902543893354,443.1888930730415,261.91845931816846,705.10735239121,1.6920872787155208,802.18397
108.0,4.0,339.113957,33.34849399,864.0,27.0,8.0,7853.981633974483,1306.902543893354,443.1888930730415,261.91845931816846,705.10735239121,1.6920872787155208,869.849855
108.0,4.0,339.113957,33.34849399,1080.0,27.0,10.0,7853.981633974483,1306.902543893354,443.1888930730415,261.91845931816846,705.10735239121,1.6920872787155208,837.48791
108.0,4.0,339.113957,33.34849399,1080.0,27.0,10.0,7853.981633974483,1306.902543893354,443.1888930730415,261.91845931816846,705.10735239121,1.6920872787155208,783.551335
108.0,4.0,339.113957,33.34849399,1620.0,27.0,15.0,7853.981633974483,1306.902543893354,443.1888930730415,261.91845931816846,705.10735239121,1.6920872787155208,708.04013
108.0,4.0,339.113957,33.34849399,1620.0,27.0,15.0,7853.981633974483,1306.902543893354,443.1888930730415,261.91845931816846,705.10735239121,1.6920872787155208,647.2389
108.0,4.0,339.113957,33.34849399,1620.0,27.0,15.0,7853.981633974483,1306.902543893354,443.1888930730415,261.91845931816846,705.10735239121,1.6920872787155208,644.296905
108.0,4.0,339.113957,33.34849399,2160.0,27.0,20.0,7853.981633974483,1306.902543893354,443.1888930730415,261.91845931816846,705.10735239121,1.6920872787155208,672.73619
108.0,4.0,339.113957,33.34849399,2160.0,27.0,20.0,7853.981633974483,1306.902543893354,443.1888930730415,261.91845931816846,705.10735239121,1.6920872787155208,698.23348
108.0,4.0,339.113957,33.34849399,2160.0,27.0,20.0,7853.981633974483,1306.902543893354,443.1888930730415,261.91845931816846,705.10735239121,1.6920872787155208,676.65885
108.0,4.0,339.113957,33.34849399,2700.0,27.0,25.0,7853.981633974483,1306.902543893354,443.1888930730415,261.91845931816846,705.10735239121,1.6920872787155208,649.20023
108.0,4.0,339.113957,33.34849399,3240.0,27.0,30.0,7853.981633974483,1306.902543893354,443.1888930730415,261.91845931816846,705.10735239121,1.6920872787155208,559.959715
108.0,4.0,339.113957,33.34849399,3240.0,27.0,30.0,7853.981633974483,1306.902543893354,443.1888930730415,261.91845931816846,705.10735239121,1.6920872787155208,478.56452
108.0,4.0,339.113957,33.34849399,3240.0,27.0,30.0,7853.981633974483,1306.902543893354,443.1888930730415,261.91845931816846,705.10735239121,1.6920872787155208,601.147645
108.0,4.0,339.113957,33.34849399,4320.0,27.0,40.0,7853.981633974483,1306.902543893354,443.1888930730415,261.91845931816846,705.10735239121,1.6920872787155208,373.633365
108.0,4.0,339.113957,33.34849399,4320.0,27.0,40.0,7853.981633974483,1306.902543893354,443.1888930730415,261.91845931816846,705.10735239121,1.6920872787155208,343.23275
108.0,4.0,339.113957,33.34849399,4320.0,27.0,40.0,7853.981633974483,1306.902543893354,443.1888930730415,261.91845931816846,705.10735239121,1.6920872787155208,294.1995
108.0,4.0,339.113957,33.34849399,5400.0,27.0,50.0,7853.981633974483,1306.902543893354,443.1888930730415,261.91845931816846,705.10735239121,1.6920872787155208,225.55295
108.0,4.0,339.113957,33.34849399,5400.0,27.0,50.0,7853.981633974483,1306.902543893354,443.1888930730415,261.91845931816846,705.10735239121,1.6920872787155208,210.842975
108.0,4.0,339.113957,33.34849399,5400.0,27.0,50.0,7853.981633974483,1306.902543893354,443.1888930730415,261.91845931816846,705.10735239121,1.6920872787155208,212.804305
101.8,2.94,319.69679,24.22732883,200.0,34.625850340136054,1.9646365422396856,7226.170784629344,913.0988782176278,291.91478031877654,175.07081578095423,466.98559609973074,1.6674097222692763,627.6256
101.8,2.94,319.69679,50.44050428,200.0,34.625850340136054,1.9646365422396856,7226.170784629344,913.0988782176278,291.91478031877654,364.4916983901074,656.4064787088839,0.8008818351916115,659.987545
101.8,5.7,304.986815,24.22732883,200.0,17.859649122807017,1.9646365422396856,6418.399454990089,1720.8702078568824,524.8427237226584,155.50067415833766,680.3433978809961,3.375179731942772,953.20638
101.8,5.7,304.986815,50.44050428,200.0,17.859649122807017,1.9646365422396856,6418.399454990089,1720.8702078568824,524.8427237226584,323.74730518017725,848.5900289028357,1.6211493202408718,970.85835
100.0,0.52,244.185585,24.22732883,200.0,192.3076923076923,2.0,7691.468302641344,162.51333133313892,39.68341288188135,186.3437317536138,226.02714463549518,0.21295813123647914,238.301595
100.0,0.52,244.185585,24.22732883,200.0,192.3076923076923,2.0,7691.468302641344,162.51333133313892,39.68341288188135,186.3437317536138,226.02714463549518,0.21295813123647914,242.224255
100.0,0.52,244.185585,24.22732883,200.0,192.3076923076923,2.0,7691.468302641344,162.51333133313892,39.68341288188135,186.3437317536138,226.02714463549518,0.21295813123647914,237.32093
100.0,0.52,244.185585,50.44050428,200.0,192.3076923076923,2.0,7691.468302641344,162.51333133313892,39.68341288188135,387.96153983886506,427.6449527207464,0.10228697643164154,389.324005
100.0,0.52,244.185585,50.44050428,200.0,192.3076923076923,2.0,7691.468302641344,162.51333133313892,39.68341288188135,387.96153983886506,427.6449527207464,0.10228697643164154,394.22733
100.0,0.52,244.185585,50.44050428,200.0,192.3076923076923,2.0,7691.468302641344,162.51333133313892,39.68341288188135,387.96153983886506,427.6449527207464,0.10228697643164154,404.03398
166.0,5.0,313.6,51.4,665.0,33.2,4.006024096385542,19113.4497044403,2528.9820861397834,793.088782213436,982.4313148082314,1775.5200970216674,0.8072714807225433,1470.0
166.0,5.0,313.6,51.4,665.0,33.2,4.006024096385542,19113.4497044403,2528.9820861397834,793.088782213436,982.4313148082314,1775.5200970216674,0.8072714807225433,1519.0
166.0,5.0,313.6,51.4,665.0,33.2,4.006024096385542,19113.4497044403,2528.9820861397834,793.088782213436,982.4313148082314,1775.5200970216674,0.8072714807225433,1240.0
166.0,5.0,313.6,51.4,665.0,33.2,4.006024096385542,19113.4497044403,2528.9820861397834,793.088782213436,982.4313148082314,1775.5200970216674,0.8072714807225433,1245.0
166.0,5.0,313.6,51.4,665.0,33.2,4.006024096385542,19113.4497044403,2528.9820861397834,793.088782213436,982.4313148082314,1775.5200970216674,0.8072714807225433,707.0
166.0,5.0,313.6,51.4,665.0,33.2,4.006024096385542,19113.4497044403,2528.9820861397834,793.088782213436,982.4313148082314,1775.5200970216674,0.8072714807225433,637.0
166.0,5.0,297.9,51.4,1495.0,33.2,9.006024096385541,19113.4497044403,2528.9820861397834,753.3837634610413,982.4313148082314,1735.8150782692728,0.7668564225358597,1465.0
166.0,5.0,297.9,51.4,1495.0,33.2,9.006024096385541,19113.4497044403,2528.9820861397834,753.3837634610413,982.4313148082314,1735.8150782692728,0.7668564225358597,1431.0
166.0,5.0,297.9,51.4,1495.0,33.2,9.006024096385541,19113.4497044403,2528.9820861397834,753.3837634610413,982.4313148082314,1735.8150782692728,0.7668564225358597,1093.0
166.0,5.0,297.9,51.4,1495.0,33.2,9.006024096385541,19113.4497044403,2528.9820861397834,753.3837634610413,982.4313148082314,1735.8150782692728,0.7668564225358597,1147.0
166.0,5.0,297.9,51.4,1495.0,33.2,9.006024096385541,19113.4497044403,2528.9820861397834,753.3837634610413,982.4313148082314,1735.8150782692728,0.7668564225358597,582.0
166.0,5.0,297.9,51.4,1495.0,33.2,9.006024096385541,19113.4497044403,2528.9820861397834,753.3837634610413,982.4313148082314,1735.8150782692728,0.7668564225358597,568.0
166.0,5.0,277.3,51.4,1990.0,33.2,11.987951807228916,19113.4497044403,2528.9820861397834,701.286732486562,982.4313148082314,1683.7180472947935,0.7138277474628867,1225.0
166.0,5.0,277.3,51.4,1990.0,33.2,11.987951807228916,19113.4497044403,2528.9820861397834,701.286732486562,982.4313148082314,1683.7180472947935,0.7138277474628867,1156.0
166.0,5.0,277.3,51.4,1990.0,33.2,11.987951807228916,19113.4497044403,2528.9820861397834,701.286732486562,982.4313148082314,1683.7180472947935,0.7138277474628867,916.0
166.0,5.0,279.3,51.4,1990.0,33.2,11.987951807228916,19113.4497044403,2528.9820861397834,706.3446966588416,982.4313148082314,1688.776011467073,0.7189761625185153,896.0
166.0,5.0,279.3,51.4,1990.0,33.2,11.987951807228916,19113.4497044403,2528.9820861397834,706.3446966588416,982.4313148082314,1688.776011467073,0.7189761625185153,477.0
166.0,5.0,277.3,51.4,1990.0,33.2,11.987951807228916,19113.4497044403,2528.9820861397834,701.286732486562,982.4313148082314,1683.7180472947935,0.7138277474628867,515.0
166.0,5.0,285.2,34.8,2990.0,33.2,18.012048192771083,19113.4497044403,2528.9820861397834,721.2656909670662,665.1480497145224,1386.4137406815885,1.084368647365995,1022.0
166.0,5.0,289.1,34.8,2990.0,33.2,18.012048192771083,19113.4497044403,2528.9820861397834,731.1287211030113,665.1480497145224,1396.2767708175338,1.0991969703839732,1094.0
166.0,5.0,285.2,34.8,2240.0,33.2,13.493975903614459,19113.4497044403,2528.9820861397834,721.2656909670662,665.1480497145224,1386.4137406815885,1.084368647365995,860.0
166.0,5.0,303.8,34.8,2240.0,33.2,13.493975903614459,19113.4497044403,2528.9820861397834,768.3047577692663,665.1480497145224,1433.4528074837885,1.1550883417594295,907.0
166.0,5.0,290.1,51.4,1330.0,33.2,8.012048192771084,19113.4497044403,2528.9820861397834,733.6577031891512,982.4313148082314,1716.0890179973826,0.7467776038189089,1460.0
166.0,5.0,290.1,51.4,1330.0,33.2,8.012048192771084,19113.4497044403,2528.9820861397834,733.6577031891512,982.4313148082314,1716.0890179973826,0.7467776038189089,1568.0
166.0,5.0,290.1,51.4,1330.0,33.2,8.012048192771084,19113.4497044403,2528.9820861397834,733.6577031891512,982.4313148082314,1716.0890179973826,0.7467776038189089,657.0
166.0,5.0,290.1,51.4,1990.0,33.2,11.987951807228916,19113.4497044403,2528.9820861397834,733.6577031891512,982.4313148082314,1716.0890179973826,0.7467776038189089,809.0
166.0,5.0,290.1,51.4,1990.0,33.2,11.987951807228916,19113.4497044403,2528.9820861397834,733.6577031891512,982.4313148082314,1716.0890179973826,0.7467776038189089,882.0
108.0,4.5,400.0,69.0,700.0,24.0,6.481481481481482,7697.68739945839,1463.196778409446,585.2787113637785,531.1404305626289,1116.4191419264075,1.1019283746556474,1200.0
108.0,4.5,400.0,69.0,700.0,24.0,6.481481481481482,7697.68739945839,1463.196778409446,585.2787113637785,531.1404305626289,1116.4191419264075,1.1019283746556474,1350.0
108.0,4.5,400.0,69.0,1130.0,24.0,10.462962962962964,7697.68739945839,1463.196778409446,585.2787113637785,531.1404305626289,1116.4191419264075,1.1019283746556474,1200.0
108.0,4.5,400.0,69.0,1130.0,24.0,10.462962962962964,7697.68739945839,1463.196778409446,585.2787113637785,531.1404305626289,1116.4191419264075,1.1019283746556474,1100.0
108.0,4.5,400.0,69.0,1670.0,24.0,15.462962962962964,7697.68739945839,1463.196778409446,585.2787113637785,531.1404305626289,1116.4191419264075,1.1019283746556474,1000.0
108.0,4.5,400.0,69.0,2230.0,24.0,20.64814814814815,7697.68739945839,1463.196778409446,585.2787113637785,531.1404305626289,1116.4191419264075,1.1019283746556474,850.0
108.0,4.5,400.0,69.0,2230.0,24.0,20.64814814814815,7697.68739945839,1463.196778409446,585.2787113637785,531.1404305626289,1116.4191419264075,1.1019283746556474,900.0
108.0,4.5,400.0,69.0,3470.0,24.0,32.129629629629626,7697.68739945839,1463.196778409446,585.2787113637785,531.1404305626289,1116.4191419264075,1.1019283746556474,490.0
108.0,4.5,400.0,69.0,3470.0,24.0,32.129629629629626,7697.68739945839,1463.196778409446,585.2787113637785,531.1404305626289,1116.4191419264075,1.1019283746556474,540.0
159.0,5.07,391.5,56.025,477.0,31.360946745562128,3.0,17403.873208013814,2451.777760837075,959.870993367715,975.0519964789739,1934.9229898466888,0.9844305707120448,2230.0
630.0,7.0,291.4,48.6,1890.0,90.0,3.0,298024.04549014213,13700.485562305088,3992.3214928557027,14483.968610820908,18476.290103676612,0.27563726490494167,16650.0
630.0,7.61,349.5,47.25,1890.0,82.78580814717476,3.0,296844.72962125565,14879.801431191592,5200.490600201461,14025.91347460433,19226.40407480579,0.37077731939652986,18000.0
630.0,8.44,350.0,46.575,1890.0,74.64454976303318,3.0,295243.8415492283,16480.68950321891,5768.241326126618,13750.98192015531,19519.223246281927,0.4194785041257235,18600.0
630.0,10.21,323.3,51.84,1890.0,61.704211557296766,3.0,291844.3571255017,19880.17392694552,6427.260230581487,15129.211473386009,21556.471703967494,0.42482453509806267,20500.0
630.0,11.6,347.2,62.1,1890.0,54.310344827586206,3.0,289188.50464748,22536.02640496722,7824.508367804618,17958.60613860851,25783.114506413127,0.4356968635212179,24400.0
720.0,8.3,312.0,20.25,2160.0,86.74698795180723,3.0,388592.6745252903,18557.73337994685,5790.012814543417,7869.001659137129,13659.014473680545,0.735800177119078,15000.0
820.0,8.93,331.0,60.75,2460.0,91.82530795072789,3.0,505347.6246952688,22754.100373175414,7531.607223521062,30699.86820023758,38231.47542375864,0.24533027876200383,33600.0
1020.0,9.64,336.0,22.815,3060.0,105.80912863070539,3.0,786529.5439031485,30598.705295556632,10281.16497930703,17944.671544150333,28225.836523457365,0.5729369274891254,30000.0
1020.0,13.25,368.7,39.015,3060.0,76.98113207547169,3.0,775221.170345685,41907.0788530202,15451.139973108548,30245.2539610369,45696.393934145446,0.5108616377635083,46000.0
190.7,6.0,505.042475,75.46217175,1150.0,31.78333333333333,6.030414263240693,25080.661476503457,3481.512978708211,1758.3119315114172,1892.6411839435125,3650.9531154549295,0.9290255049019875,3062.616795
190.7,6.0,505.042475,75.46217175,2300.0,31.78333333333333,12.060828526481385,25080.661476503457,3481.512978708211,1758.3119315114172,1892.6411839435125,3650.9531154549295,0.9290255049019875,2611.510895
190.7,6.0,505.042475,75.46217175,3450.0,31.78333333333333,18.091242789722077,25080.661476503457,3481.512978708211,1758.3119315114172,1892.6411839435125,3650.9531154549295,0.9290255049019875,2059.3965
190.7,6.0,505.042475,65.26815908,1150.0,31.78333333333333,6.030414263240693,25080.661476503457,3481.512978708211,1758.3119315114172,1636.9686030800553,3395.2805345914726,1.0741268514271118,3147.93465
190.7,6.0,505.042475,65.26815908,3450.0,31.78333333333333,18.091242789722077,25080.661476503457,3481.512978708211,1758.3119315114172,1636.9686030800553,3395.2805345914726,1.0741268514271118,2132.946375
267.4,7.0,460.91255,75.46217175,1600.0,38.199999999999996,5.983545250560958,50431.64129288505,5726.495088963478,2639.4134540166338,3805.6811768780835,6445.094630894717,0.6935456049373597,5180.853195
267.4,7.0,460.91255,75.46217175,3200.0,38.199999999999996,11.967090501121916,50431.64129288505,5726.495088963478,2639.4134540166338,3805.6811768780835,6445.094630894717,0.6935456049373597,4533.614295
267.4,7.0,460.91255,75.46217175,4800.0,38.199999999999996,17.950635751682874,50431.64129288505,5726.495088963478,2639.4134540166338,3805.6811768780835,6445.094630894717,0.6935456049373597,3625.518505
267.4,7.0,460.91255,65.26815908,1600.0,38.199999999999996,5.983545250560958,50431.64129288505,5726.495088963478,2639.4134540166338,3291.580386569518,5930.993840586152,0.8018681435781151,5187.71785
267.4,7.0,460.91255,65.26815908,4800.0,38.199999999999996,17.950635751682874,50431.64129288505,5726.495088963478,2639.4134540166338,3291.580386569518,5930.993840586152,0.8018681435781151,3903.0467
178.0,9.0,283.3141185,29.92008915,360.0,19.77777777777778,2.0224719101123596,20106.192982974677,4778.362426110075,1353.7775386268975,601.5790865177067,1955.356625144604,2.2503733407079647,2922.3817
178.0,9.0,283.3141185,29.92008915,360.0,19.77777777777778,2.0224719101123596,20106.192982974677,4778.362426110075,1353.7775386268975,601.5790865177067,1955.356625144604,2.2503733407079647,2853.73515
178.0,9.0,283.3141185,61.29646583,360.0,19.77777777777778,2.0224719101123596,20106.192982974677,4778.362426110075,1353.7775386268975,1232.4385711522932,2586.2161097791904,1.0984543735605061,3216.5812
178.0,9.0,283.3141185,61.29646583,360.0,19.77777777777778,2.0224719101123596,20106.192982974677,4778.362426110075,1353.7775386268975,1232.4385711522932,2586.2161097791904,1.0984543735605061,3177.3546
179.0,5.5,248.500511,29.92008915,360.0,32.54545454545455,2.011173184357542,22167.07776372958,2997.8647896880602,744.9709321463904,663.2409428857716,1408.211875032162,1.123228202566944,1814.23025
179.0,5.5,248.500511,32.3031051,360.0,32.54545454545455,2.011173184357542,22167.07776372958,2997.8647896880602,744.9709321463904,716.0654427616297,1461.0363749080202,1.0403671056562676,1814.23025
179.0,5.5,248.500511,58.91344988,360.0,32.54545454545455,2.011173184357542,22167.07776372958,2997.8647896880602,744.9709321463904,1305.9390248195452,2050.9099569659356,0.5704484803563709,2039.7832
179.0,5.5,248.500511,58.91344988,360.0,32.54545454545455,2.011173184357542,22167.07776372958,2997.8647896880602,744.9709321463904,1305.9390248195452,2050.9099569659356,0.5704484803563709,2029.97655
174.0,3.0,265.956348,32.3031051,360.0,58.0,2.0689655172413794,22167.07776372958,1611.637031291564,428.62509914386607,716.0654427616297,1144.6905419054958,0.5985836957733912,1314.0911
174.0,3.0,265.956348,32.3031051,360.0,58.0,2.0689655172413794,22167.07776372958,1611.637031291564,428.62509914386607,716.0654427616297,1144.6905419054958,0.5985836957733912,1304.28445
174.0,3.0,265.956348,61.69363515,360.0,58.0,2.0689655172413794,22167.07776372958,1611.637031291564,428.62509914386607,1367.5676078972106,1796.1927070410766,0.31342150594143237,1608.2906
174.0,3.0,265.956348,61.69363515,360.0,58.0,2.0689655172413794,22167.07776372958,1611.637031291564,428.62509914386607,1367.5676078972106,1796.1927070410766,0.31342150594143237,1676.93715
101.6,1.6,218.0,90.99,807.5,63.49999999999999,7.947834645669292,7604.664840985595,502.6548245743683,109.57875175721229,691.9484538812792,801.5272056384915,0.15836259354661875,430.0
101.6,1.6,218.0,90.99,807.5,63.49999999999999,7.947834645669292,7604.664840985595,502.6548245743683,109.57875175721229,691.9484538812792,801.5272056384915,0.15836259354661875,235.0
101.6,1.6,218.0,90.99,1312.5,63.49999999999999,12.918307086614174,7604.664840985595,502.6548245743683,109.57875175721229,691.9484538812792,801.5272056384915,0.15836259354661875,350.0
101.6,1.6,218.0,90.99,1312.5,63.49999999999999,12.918307086614174,7604.664840985595,502.6548245743683,109.57875175721229,691.9484538812792,801.5272056384915,0.15836259354661875,190.0
101.6,1.6,218.0,90.99,1565.0,63.49999999999999,15.403543307086615,7604.664840985595,502.6548245743683,109.57875175721229,691.9484538812792,801.5272056384915,0.15836259354661875,315.0
101.6,1.6,218.0,90.99,1817.5,63.49999999999999,17.888779527559056,7604.664840985595,502.6548245743683,109.57875175721229,691.9484538812792,801.5272056384915,0.15836259354661875,280.0
101.6,1.6,218.0,90.99,1817.5,63.49999999999999,17.888779527559056,7604.664840985595,502.6548245743683,109.57875175721229,691.9484538812792,801.5272056384915,0.15836259354661875,140.0
101.6,1.6,218.0,90.99,2322.5,63.49999999999999,22.859251968503937,7604.664840985595,502.6548245743683,109.57875175721229,691.9484538812792,801.5272056384915,0.15836259354661875,220.0
101.6,1.6,218.0,90.99,2322.5,63.49999999999999,22.859251968503937,7604.664840985595,502.6548245743683,109.57875175721229,691.9484538812792,801.5272056384915,0.15836259354661875,126.0
323.9,5.6,443.9,124.605,1000.0,57.839285714285715,3.0873726458783577,76797.24558063327,5599.826073170733,2485.762793880488,9569.320785574808,12055.083579455295,0.25976376480425134,11481.0
323.9,5.6,478.0,124.605,4000.0,57.839285714285715,12.34949058351343,76797.24558063327,5599.826073170733,2676.7168629756106,9569.320785574808,12246.037648550418,0.2797185843127555,10401.0
114.0,1.79,266.0,49.95,850.0,63.687150837988824,7.456140350877193,9576.027111643072,631.0074198701662,167.8479736854642,478.32255422657147,646.1705279120357,0.3509095947960633,515.0
114.0,3.35,291.0,49.95,850.0,34.02985074626866,7.456140350877193,9042.516820662206,1164.5177108510313,338.8746538576501,451.6737151920772,790.5483690497274,0.7502642780829994,785.0
114.0,4.44,332.0,49.95,850.0,25.675675675675674,7.456140350877193,8678.818094908036,1528.2164366052014,507.36785695292684,433.50696384065645,940.8748207935832,1.1703799460518456,902.0
114.0,6.0,486.0,49.95,850.0,19.0,7.456140350877193,8171.282491987052,2035.7520395261859,989.3754912097263,408.15556047475326,1397.5310516844795,2.424015711212943,1334.0
114.0,5.91,486.0,33.75,1250.0,19.289340101522843,10.964912280701755,8200.147759447502,2006.8867720657365,975.3469712239479,276.7549868813532,1252.101958105301,3.524225460992636,1177.0
114.0,1.93,266.0,44.55,1750.0,59.06735751295337,15.350877192982455,9527.523434345769,679.5110971674691,180.7499518465468,424.45116900010396,605.2011208466507,0.425843925161866,461.0
114.0,3.32,291.0,40.5,1750.0,34.337349397590366,15.350877192982455,9052.632434847501,1154.4020966657374,335.9310101297296,366.63161361132376,702.5626237410534,0.9162630762274071,628.0
114.0,5.94,486.0,49.95,1750.0,19.19191919191919,15.350877192982455,8190.520348760576,2016.5141827526625,980.025892817794,409.11649142059076,1389.1423842383847,2.3954690494504702,1138.0
114.0,1.78,266.0,37.8,2250.0,64.04494382022472,19.736842105263158,9579.496372410431,627.5381591028071,166.92515032134668,362.10496287711425,529.0301131984609,0.4609855357823285,373.0
114.0,3.31,291.0,32.4,2320.0,34.44108761329305,20.350877192982455,9056.00556287966,1151.0289686335782,334.94942987237124,293.4145802373009,628.3640101096721,1.141556870151029,535.0
114.0,6.14,486.0,37.8,2250.0,18.566775244299674,19.736842105263158,8126.4821241098,2080.5524074034383,1011.148469998071,307.1810242913504,1318.3294942894215,3.291702253844405,1000.0
114.0,1.72,266.0,48.6,2750.0,66.27906976744187,24.12280701754386,9600.325131703732,606.7093998095064,161.38470034932868,466.5758014008014,627.9605017501301,0.3458917069097949,353.0
114.0,3.41,291.0,48.6,2750.0,33.43108504398827,24.12280701754386,9022.302556891951,1184.7319746212868,344.7570046147944,438.4839042649489,783.2409088797433,0.7862477989761717,569.0
114.0,4.49,332.0,41.85,2750.0,25.389755011135858,24.12280701754386,8662.313737902401,1544.7207936108362,512.8473034787976,362.5178299312155,875.3651334100131,1.4146815994570687,657.0
114.0,6.11,486.0,44.55,2750.0,18.657937806873978,24.12280701754386,8136.071835684883,2070.9626958283548,1006.4878701725803,362.4620002797615,1368.9498704523419,2.7768093466231933,941.0
139.7,9.2202,681.891764,51.84514782,914.4,15.15151515151515,6.545454545454546,11548.40866587948,3779.492576819823,2577.2048602325744,598.7289543682906,3175.933814600865,4.304460042276964,3047.031806
139.7,9.2202,681.891764,51.84514782,914.4,15.15151515151515,6.545454545454546,11548.40866587948,3779.492576819823,2577.2048602325744,598.7289543682906,3175.933814600865,4.304460042276964,2597.761423
139.7,9.2202,681.891764,51.84514782,3048.0,15.15151515151515,21.81818181818182,11548.40866587948,3779.492576819823,2577.2048602325744,598.7289543682906,3175.933814600865,4.304460042276964,2001.699727
177.8,12.7508,593.638836,51.84514782,914.4,13.944223107569723,5.142857142857142,18217.155395832906,6611.511079944485,3924.849741699347,944.4711143568676,4869.320856056214,4.155605906880436,5253.349727
177.8,12.7508,593.638836,51.84514782,914.4,13.944223107569723,5.142857142857142,18217.155395832906,6611.511079944485,3924.849741699347,944.4711143568676,4869.320856056214,4.155605906880436,5524.691246
177.8,12.7508,593.638836,51.84514782,3048.0,13.944223107569723,17.142857142857142,18217.155395832906,6611.511079944485,3924.849741699347,944.4711143568676,4869.320856056214,4.155605906880436,4310.326745
152.0,1.7,270.0,98.55,900.0,89.41176470588236,5.921052631578948,17343.130828215915,802.7083389187287,216.73125150805674,1709.1655431206784,1925.8967946287353,0.1268053012070078,1550.0
152.0,1.7,270.0,98.55,900.0,89.41176470588236,5.921052631578948,17343.130828215915,802.7083389187287,216.73125150805674,1709.1655431206784,1925.8967946287353,0.1268053012070078,1458.0
152.0,1.7,270.0,98.55,500.0,89.41176470588236,3.289473684210526,17343.130828215915,802.7083389187287,216.73125150805674,1709.1655431206784,1925.8967946287353,0.1268053012070078,1548.0
152.0,1.7,270.0,98.55,500.0,89.41176470588236,3.289473684210526,17343.130828215915,802.7083389187287,216.73125150805674,1709.1655431206784,1925.8967946287353,0.1268053012070078,1448.0
152.0,1.7,328.0,114.75,660.0,89.41176470588236,4.342105263157895,17343.130828215915,802.7083389187287,263.288335165343,1990.1242625377763,2253.4125977031194,0.13229743494991703,1863.0
152.0,1.7,328.0,114.75,660.0,89.41176470588236,4.342105263157895,17343.130828215915,802.7083389187287,263.288335165343,1990.1242625377763,2253.4125977031194,0.13229743494991703,1895.0
159.8,6.3,482.5,76.8,476.0,25.365079365079367,2.978723404255319,17017.88174078977,3038.07717565401,1465.8722372530597,1306.9733176926543,2772.845554945714,1.1215777838838572,2350.0
115.9,4.9,309.5,76.8,350.0,23.653061224489797,3.0198446937014665,8841.392058979389,1708.7122442874888,528.8464396069777,679.0189101296171,1207.865349736595,0.7788390451541722,1174.0
141.8,4.3,433.0,76.8,420.0,32.97674418604652,2.9619181946403383,13934.722710556747,1857.4666564349623,804.2830622363387,1070.186704170758,1874.4697664070968,0.7515352780051059,1618.0
114.8,3.9,357.7,76.8,337.0,29.435897435897434,2.9355400696864113,8992.023572737386,1358.7702386041208,486.032114348694,690.5874103862311,1176.619524734925,0.703795214101668,1150.0
165.7,5.1,373.3,76.8,494.0,32.490196078431374,2.9812914906457455,18991.12394049115,2573.152878849254,960.5579696744265,1458.5183186297202,2419.0762883041466,0.6585847825187907,2309.0
133.1,4.5,324.3,76.8,397.0,29.577777777777776,2.982719759579264,12095.767888833056,1818.0396686324113,589.5902645374911,928.9549738623787,1518.5452383998697,0.6346812075144094,1535.0
113.6,3.2,354.6,76.8,337.0,35.49999999999999,2.966549295774648,9025.67003005733,1109.8618526602027,393.5570129533079,693.1714583084029,1086.7284712617106,0.5677628647805752,1145.0
111.3,2.0,354.6,76.8,339.0,55.65,3.045822102425876,9042.516820662206,686.7521540747285,243.52231383489877,694.4652918268574,937.9876056617562,0.35066160497998394,894.0
130.6,2.3,324.3,76.8,396.0,56.78260869565218,3.0321592649310873,12468.981242097889,927.0525761478096,300.64315044473466,957.6177593931178,1258.2609098378525,0.313949013054295,1250.0
190.0,1.11,203.1,148.905,662.0,171.17117117117115,3.4842105263157896,27694.182564314284,658.6911343336005,133.78016938315426,4123.802254739218,4257.582424122373,0.03244097585654341,3030.0
190.0,1.11,203.1,148.905,656.0,171.17117117117115,3.4526315789473685,27694.182564314284,658.6911343336005,133.78016938315426,4123.802254739218,4257.582424122373,0.03244097585654341,2940.0
190.0,1.11,203.1,148.905,662.0,171.17117117117115,3.4842105263157896,27694.182564314284,658.6911343336005,133.78016938315426,4123.802254739218,4257.582424122373,0.03244097585654341,3140.0
190.0,1.11,203.1,127.845,662.0,171.17117117117115,3.4842105263157896,27694.182564314284,658.6911343336005,133.78016938315426,3540.5627699347597,3674.342939317914,0.03778500144642807,2462.0
190.0,1.11,203.1,148.905,664.0,171.17117117117115,3.4947368421052634,27694.182564314284,658.6911343336005,133.78016938315426,4123.802254739218,4257.582424122373,0.03244097585654341,3055.0
190.0,1.11,203.1,148.905,660.0,171.17117117117115,3.473684210526316,27694.182564314284,658.6911343336005,133.78016938315426,4123.802254739218,4257.582424122373,0.03244097585654341,3000.0
190.0,1.13,185.7,153.765,662.0,168.141592920354,3.4842105263157896,27682.385255581525,670.4884430663597,124.50970387742298,4256.581968824493,4381.091672701916,0.029251099776614393,2438.0
140.8,3.0,285.0,38.043,635.0,46.93333333333334,4.509943181818182,14271.501443021572,1298.7344029940193,370.1393048532955,542.9307293968697,913.0700342501652,0.6817431484574018,881.0
141.4,6.5,313.0,32.13675,635.0,21.753846153846155,4.490806223479491,12948.513944741835,2754.705518300211,862.2228272279661,416.12315551368215,1278.3459827416482,2.072037606663819,1825.0
140.0,6.68,537.0,38.043,635.0,20.95808383233533,4.535714285714286,12595.971956978357,2797.8320456116294,1502.435808493445,479.1885611593276,1981.6243696527727,3.13537494479943,2715.0
76.0,2.2,435.0,78.3,802.0,34.54545454545454,10.552631578947368,4026.390808546822,510.0689832368392,221.88000770802506,315.2664003092162,537.1464080172412,0.7037857744764526,246.0
76.0,2.2,435.0,78.3,1032.0,34.54545454545454,13.578947368421053,4026.390808546822,510.0689832368392,221.88000770802506,315.2664003092162,537.1464080172412,0.7037857744764526,208.0
76.0,2.2,435.0,78.3,1262.0,34.54545454545454,16.605263157894736,4026.390808546822,510.0689832368392,221.88000770802506,315.2664003092162,537.1464080172412,0.7037857744764526,184.0
76.0,2.2,435.0,78.3,1487.0,34.54545454545454,19.56578947368421,4026.390808546822,510.0689832368392,221.88000770802506,315.2664003092162,537.1464080172412,0.7037857744764526,162.0
76.0,2.2,435.0,78.3,1717.0,34.54545454545454,22.592105263157894,4026.390808546822,510.0689832368392,221.88000770802506,315.2664003092162,537.1464080172412,0.7037857744764526,141.0
76.0,2.2,435.0,78.3,1947.0,34.54545454545454,25.61842105263158,4026.390808546822,510.0689832368392,221.88000770802506,315.2664003092162,537.1464080172412,0.7037857744764526,121.0
76.0,2.2,435.0,78.3,2172.0,34.54545454545454,28.57894736842105,4026.390808546822,510.0689832368392,221.88000770802506,315.2664003092162,537.1464080172412,0.7037857744764526,107.0
76.0,2.2,435.0,78.3,2402.0,34.54545454545454,31.605263157894736,4026.390808546822,510.0689832368392,221.88000770802506,315.2664003092162,537.1464080172412,0.7037857744764526,96.0
101.7,2.4,410.0,78.3,1947.0,42.375,19.144542772861357,7374.582449018315,748.70436120352,306.9687880934432,577.429805758134,884.3985938515772,0.5316123016725988,361.0
101.7,2.4,410.0,78.3,1947.0,42.375,19.144542772861357,7374.582449018315,748.70436120352,306.9687880934432,577.429805758134,884.3985938515772,0.5316123016725988,309.0
101.7,2.4,410.0,78.3,1947.0,42.375,19.144542772861357,7374.582449018315,748.70436120352,306.9687880934432,577.429805758134,884.3985938515772,0.5316123016725988,275.0
101.7,2.4,410.0,78.3,1947.0,42.375,19.144542772861357,7374.582449018315,748.70436120352,306.9687880934432,577.429805758134,884.3985938515772,0.5316123016725988,240.0
101.7,2.4,410.0,78.3,1947.0,42.375,19.144542772861357,7374.582449018315,748.70436120352,306.9687880934432,577.429805758134,884.3985938515772,0.5316123016725988,220.0
101.7,2.4,410.0,78.3,1947.0,42.375,19.144542772861357,7374.582449018315,748.70436120352,306.9687880934432,577.429805758134,884.3985938515772,0.5316123016725988,188.0
101.7,2.4,410.0,78.3,1947.0,42.375,19.144542772861357,7374.582449018315,748.70436120352,306.9687880934432,577.429805758134,884.3985938515772,0.5316123016725988,158.0
101.5,2.4,410.0,78.3,2175.0,42.29166666666667,21.428571428571427,7344.171832131566,747.1963967297954,306.35052265921615,575.0486544559016,881.3991771151177,0.5327384392353345,157.0
101.5,2.4,410.0,78.3,2175.0,42.29166666666667,21.428571428571427,7344.171832131566,747.1963967297954,306.35052265921615,575.0486544559016,881.3991771151177,0.5327384392353345,183.0
101.5,2.4,410.0,78.3,2175.0,42.29166666666667,21.428571428571427,7344.171832131566,747.1963967297954,306.35052265921615,575.0486544559016,881.3991771151177,0.5327384392353345,196.0
101.5,2.4,410.0,78.3,2175.0,42.29166666666667,21.428571428571427,7344.171832131566,747.1963967297954,306.35052265921615,575.0486544559016,881.3991771151177,0.5327384392353345,215.0
101.5,2.4,410.0,78.3,2175.0,42.29166666666667,21.428571428571427,7344.171832131566,747.1963967297954,306.35052265921615,575.0486544559016,881.3991771151177,0.5327384392353345,237.0
101.5,2.4,410.0,78.3,2175.0,42.29166666666667,21.428571428571427,7344.171832131566,747.1963967297954,306.35052265921615,575.0486544559016,881.3991771151177,0.5327384392353345,256.0
101.5,2.4,410.0,78.3,2175.0,42.29166666666667,21.428571428571427,7344.171832131566,747.1963967297954,306.35052265921615,575.0486544559016,881.3991771151177,0.5327384392353345,266.0
101.5,2.4,410.0,78.3,2175.0,42.29166666666667,21.428571428571427,7344.171832131566,747.1963967297954,306.35052265921615,575.0486544559016,881.3991771151177,0.5327384392353345,197.0
101.5,2.4,410.0,78.3,2175.0,42.29166666666667,21.428571428571427,7344.171832131566,747.1963967297954,306.35052265921615,575.0486544559016,881.3991771151177,0.5327384392353345,243.0
101.5,2.4,410.0,78.3,2175.0,42.29166666666667,21.428571428571427,7344.171832131566,747.1963967297954,306.35052265921615,575.0486544559016,881.3991771151177,0.5327384392353345,260.0
101.5,2.4,410.0,78.3,2175.0,42.29166666666667,21.428571428571427,7344.171832131566,747.1963967297954,306.35052265921615,575.0486544559016,881.3991771151177,0.5327384392353345,281.0
101.5,2.4,410.0,78.3,2175.0,42.29166666666667,21.428571428571427,7344.171832131566,747.1963967297954,306.35052265921615,575.0486544559016,881.3991771151177,0.5327384392353345,331.0
101.5,2.4,410.0,78.3,2175.0,42.29166666666667,21.428571428571427,7344.171832131566,747.1963967297954,306.35052265921615,575.0486544559016,881.3991771151177,0.5327384392353345,244.0
101.5,2.4,410.0,78.3,2175.0,42.29166666666667,21.428571428571427,7344.171832131566,747.1963967297954,306.35052265921615,575.0486544559016,881.3991771151177,0.5327384392353345,318.0
101.5,2.4,410.0,78.3,2175.0,42.29166666666667,21.428571428571427,7344.171832131566,747.1963967297954,306.35052265921615,575.0486544559016,881.3991771151177,0.5327384392353345,340.0
101.5,2.4,410.0,78.3,2175.0,42.29166666666667,21.428571428571427,7344.171832131566,747.1963967297954,306.35052265921615,575.0486544559016,881.3991771151177,0.5327384392353345,384.0
101.5,2.4,410.0,78.3,2175.0,42.29166666666667,21.428571428571427,7344.171832131566,747.1963967297954,306.35052265921615,575.0486544559016,881.3991771151177,0.5327384392353345,282.0
101.5,2.4,410.0,78.3,2175.0,42.29166666666667,21.428571428571427,7344.171832131566,747.1963967297954,306.35052265921615,575.0486544559016,881.3991771151177,0.5327384392353345,367.0
101.5,2.4,410.0,78.3,2175.0,42.29166666666667,21.428571428571427,7344.171832131566,747.1963967297954,306.35052265921615,575.0486544559016,881.3991771151177,0.5327384392353345,411.0
101.5,2.4,410.0,78.3,2175.0,42.29166666666667,21.428571428571427,7344.171832131566,747.1963967297954,306.35052265921615,575.0486544559016,881.3991771151177,0.5327384392353345,344.0
101.5,2.4,410.0,78.3,2175.0,42.29166666666667,21.428571428571427,7344.171832131566,747.1963967297954,306.35052265921615,575.0486544559016,881.3991771151177,0.5327384392353345,385.0
101.5,2.4,410.0,78.3,2175.0,42.29166666666667,21.428571428571427,7344.171832131566,747.1963967297954,306.35052265921615,575.0486544559016,881.3991771151177,0.5327384392353345,523.0
101.5,2.4,410.0,78.3,2175.0,42.29166666666667,21.428571428571427,7344.171832131566,747.1963967297954,306.35052265921615,575.0486544559016,881.3991771151177,0.5327384392353345,303.0
125.0,1.0,232.0,114.345,438.0,125.0,3.504,11882.288814039995,389.55748904513433,90.37733745847117,1358.6803144414034,1449.0576518998746,0.06651847126792895,1275.0
125.0,1.0,232.0,114.345,438.0,125.0,3.504,11882.288814039995,389.55748904513433,90.37733745847117,1358.6803144414034,1449.0576518998746,0.06651847126792895,1239.0
127.0,2.0,258.0,114.345,445.0,63.5,3.5039370078740157,11882.288814039995,785.3981633974482,202.63272615654165,1358.6803144414034,1561.313040597945,0.149139370021601,1491.0
127.0,2.0,258.0,114.345,445.0,63.5,3.5039370078740157,11882.288814039995,785.3981633974482,202.63272615654165,1358.6803144414034,1561.313040597945,0.149139370021601,1339.0
133.0,3.5,352.0,114.345,465.0,38.0,3.4962406015037595,12468.981242097889,1423.9268702395736,501.2222583243299,1425.765660127683,1926.987918452013,0.35154603055837624,1995.0
133.0,3.5,352.0,114.345,465.0,38.0,3.4962406015037595,12468.981242097889,1423.9268702395736,501.2222583243299,1425.765660127683,1926.987918452013,0.35154603055837624,1991.0
133.0,3.5,352.0,114.345,465.0,38.0,3.4962406015037595,12468.981242097889,1423.9268702395736,501.2222583243299,1425.765660127683,1926.987918452013,0.35154603055837624,1962.0
133.0,4.7,352.0,114.345,465.0,28.29787234042553,3.4962406015037595,11998.496326296281,1894.4117860411818,666.832948686496,1371.9680624303483,2038.8010111168442,0.48604116010196824,2273.0
133.0,4.7,352.0,114.345,465.0,28.29787234042553,3.4962406015037595,11998.496326296281,1894.4117860411818,666.832948686496,1371.9680624303483,2038.8010111168442,0.48604116010196824,2158.0
133.0,4.7,352.0,114.345,465.0,28.29787234042553,3.4962406015037595,11998.496326296281,1894.4117860411818,666.832948686496,1371.9680624303483,2038.8010111168442,0.48604116010196824,2253.0
127.0,7.0,429.0,114.345,445.0,18.142857142857142,3.5039370078740157,10028.749148422017,2638.9378290154264,1132.1043286476179,1146.7373213763155,2278.8416500239337,0.9872394554045427,3404.0
127.0,7.0,429.0,114.345,445.0,18.142857142857142,3.5039370078740157,10028.749148422017,2638.9378290154264,1132.1043286476179,1146.7373213763155,2278.8416500239337,0.9872394554045427,3370.0
127.0,7.0,429.0,114.345,445.0,18.142857142857142,3.5039370078740157,10028.749148422017,2638.9378290154264,1132.1043286476179,1146.7373213763155,2278.8416500239337,0.9872394554045427,3364.0
108.0,4.5,358.0,104.49,378.0,24.0,3.5,7697.68739945839,1463.196778409446,523.8244466705817,804.3313563694071,1328.1558030399888,0.6512545389688918,1535.0
108.0,4.5,358.0,104.49,378.0,24.0,3.5,7697.68739945839,1463.196778409446,523.8244466705817,804.3313563694071,1328.1558030399888,0.6512545389688918,1578.0
108.0,4.5,358.0,104.49,378.0,24.0,3.5,7697.68739945839,1463.196778409446,523.8244466705817,804.3313563694071,1328.1558030399888,0.6512545389688918,1518.0
159.0,4.5,433.0,87.075,2500.0,35.333333333333336,15.723270440251572,17671.458676442588,2184.1922924083037,945.7552626127955,1538.7422642512383,2484.4975268640337,0.6146287683031868,1230.0
165.0,2.82,363.3,65.205,580.5,58.51063829787234,3.518181818181818,19945.66513819861,1436.7998602969205,521.9893892458712,1300.5570953362403,1822.5464845821116,0.4013583033899164,1662.0
190.0,1.94,256.4,55.35,663.5,97.93814432989691,3.4921052631578946,27206.706344645736,1146.1673540021477,293.87730956615064,1505.8911961761414,1799.768505742292,0.19515175486275727,1678.0
190.0,1.52,306.1,65.205,664.5,125.0,3.4973684210526317,27452.840075958007,900.0336226898752,275.50029190537083,1790.0624371528418,2065.5627290582124,0.15390540921218585,1695.0
190.0,1.13,185.7,55.35,664.5,168.141592920354,3.4973684210526317,27682.385255581525,670.4884430663597,124.50970387742298,1532.2200238964374,1656.7297277738603,0.08126098206235072,1377.0
190.0,0.86,210.7,55.35,659.0,220.93023255813955,3.468421052631579,27841.860980977905,511.0127176699793,107.67037961306463,1541.047005297127,1648.7173849101916,0.06986832928714258,1350.0
165.0,2.82,363.3,108.27,580.5,58.51063829787234,3.518181818181818,19945.66513819861,1436.7998602969205,521.9893892458712,2159.5171645127634,2681.5065537586347,0.24171578620614667,2295.0
190.0,1.94,256.4,100.845,663.5,97.93814432989691,3.4921052631578946,27206.706344645736,1146.1673540021477,293.87730956615064,2743.6603013257995,3037.53761089195,0.10711140494475296,2592.0
190.0,1.52,306.1,108.27,663.5,125.0,3.4921052631578946,27452.840075958007,900.0336226898752,275.50029190537083,2972.3189950239735,3247.8192869293443,0.09268866913900968,2602.0
190.0,1.13,185.7,108.27,662.5,168.141592920354,3.486842105263158,27682.385255581525,670.4884430663597,124.50970387742298,2997.1718516218116,3121.6815554992345,0.041542397313670563,2295.0
190.0,0.86,210.7,100.845,663.5,220.93023255813955,3.4921052631578946,27841.860980977905,511.0127176699793,107.67037961306463,2807.712470626717,2915.3828502397814,0.03834807899294305,2451.0
165.0,2.82,363.3,145.8,577.5,58.51063829787234,3.5,19945.66513819861,1436.7998602969205,521.9893892458712,2908.0779771493576,3430.067366395229,0.17949635234937925,2673.0
190.0,1.94,256.4,145.8,660.0,97.93814432989691,3.473684210526316,27206.706344645736,1146.1673540021477,293.87730956615064,3966.7377850493485,4260.615094615499,0.0740853884201208,3360.0
190.0,1.52,306.1,145.8,661.5,125.0,3.481578947368421,27452.840075958007,900.0336226898752,275.50029190537083,4002.624083074678,4278.124374980049,0.06882991911989422,3260.0
190.0,1.13,185.7,145.8,660.0,168.141592920354,3.473684210526316,27682.385255581525,670.4884430663597,124.50970387742298,4036.091770263786,4160.601474141209,0.03084907652367018,3058.0
190.0,0.86,210.7,145.8,662.0,220.93023255813955,3.4842105263157896,27841.860980977905,511.0127176699793,107.67037961306463,4059.3433310265787,4167.013710639643,0.026524087970118942,3070.0
165.0,2.82,363.3,65.205,580.5,58.51063829787234,3.518181818181818,19945.66513819861,1436.7998602969205,521.9893892458712,1300.5570953362403,1822.5464845821116,0.4013583033899164,1525.0
190.0,1.94,256.4,55.35,661.0,97.93814432989691,3.4789473684210526,27206.706344645736,1146.1673540021477,293.87730956615064,1505.8911961761414,1799.768505742292,0.19515175486275727,1533.0
190.0,1.13,185.7,55.35,663.5,168.141592920354,3.4921052631578946,27682.385255581525,670.4884430663597,124.50970387742298,1532.2200238964374,1656.7297277738603,0.08126098206235072,1229.0
190.0,0.86,210.7,55.35,662.0,220.93023255813955,3.4842105263157896,27841.860980977905,511.0127176699793,107.67037961306463,1541.047005297127,1648.7173849101916,0.06986832928714258,1219.0
165.0,2.82,363.3,65.205,580.0,58.51063829787234,3.515151515151515,19945.66513819861,1436.7998602969205,521.9893892458712,1300.5570953362403,1822.5464845821116,0.4013583033899164,1123.0
190.0,1.94,256.4,55.35,664.0,97.93814432989691,3.4947368421052634,27206.706344645736,1146.1673540021477,293.87730956615064,1505.8911961761414,1799.768505742292,0.19515175486275727,1284.0
190.0,1.52,306.1,65.205,662.0,125.0,3.4842105263157896,27452.840075958007,900.0336226898752,275.50029190537083,1790.0624371528418,2065.5627290582124,0.15390540921218585,1260.0
190.0,1.13,185.7,55.35,664.0,168.141592920354,3.4947368421052634,27682.385255581525,670.4884430663597,124.50970387742298,1532.2200238964374,1656.7297277738603,0.08126098206235072,1023.0
190.0,0.86,210.7,55.35,663.0,220.93023255813955,3.4894736842105263,27841.860980977905,511.0127176699793,107.67037961306463,1541.047005297127,1648.7173849101916,0.06986832928714258,1017.0
165.0,2.82,363.3,108.27,579.5,58.51063829787234,3.512121212121212,19945.66513819861,1436.7998602969205,521.9893892458712,2159.5171645127634,2681.5065537586347,0.24171578620614667,1940.0
190.0,1.94,256.4,100.845,662.5,97.93814432989691,3.486842105263158,27206.706344645736,1146.1673540021477,293.87730956615064,2743.6603013257995,3037.53761089195,0.10711140494475296,2203.0
190.0,0.86,210.7,100.845,665.5,220.93023255813955,3.5026315789473683,27841.860980977905,511.0127176699793,107.67037961306463,2807.712470626717,2915.3828502397814,0.03834807899294305,1910.0
165.0,2.82,363.3,108.27,579.5,58.51063829787234,3.512121212121212,19945.66513819861,1436.7998602969205,521.9893892458712,2159.5171645127634,2681.5065537586347,0.24171578620614667,1653.0
190.0,1.94,256.4,100.845,663.0,97.93814432989691,3.4894736842105263,27206.706344645736,1146.1673540021477,293.87730956615064,2743.6603013257995,3037.53761089195,0.10711140494475296,1730.0
190.0,1.52,306.1,108.27,663.5,125.0,3.4921052631578946,27452.840075958007,900.0336226898752,275.50029190537083,2972.3189950239735,3247.8192869293443,0.09268866913900968,1925.0
190.0,0.86,210.7,100.845,665.0,220.93023255813955,3.5,27841.860980977905,511.0127176699793,107.67037961306463,2807.712470626717,2915.3828502397814,0.03834807899294305,1532.0
165.0,2.82,363.3,152.145,578.5,58.51063829787234,3.506060606060606,19945.66513819861,1436.7998602969205,521.9893892458712,3034.6332224512275,3556.622611697099,0.1720107014528213,2246.0
190.0,1.94,256.4,152.145,661.5,97.93814432989691,3.481578947368421,27206.706344645736,1146.1673540021477,293.87730956615064,4139.364336806126,4433.241646372277,0.07099575820206785,2683.0
190.0,0.86,210.7,152.145,660.5,220.93023255813955,3.4763157894736842,27841.860980977905,511.0127176699793,107.67037961306463,4235.999938950883,4343.670318563948,0.025417937007744862,2112.0
165.0,2.82,363.3,152.145,578.5,58.51063829787234,3.506060606060606,19945.66513819861,1436.7998602969205,521.9893892458712,3034.6332224512275,3556.622611697099,0.1720107014528213,1880.0
190.0,1.94,256.4,152.145,664.5,97.93814432989691,3.4973684210526317,27206.706344645736,1146.1673540021477,293.87730956615064,4139.364336806126,4433.241646372277,0.07099575820206785,2386.0
190.0,1.52,306.1,152.145,660.5,125.0,3.4763157894736842,27452.840075958007,900.0336226898752,275.50029190537083,4176.812353356631,4452.312645262002,0.06595946109093678,2420.0
190.0,1.13,185.7,152.145,662.0,168.141592920354,3.4842105263157896,27682.385255581525,670.4884430663597,124.50970387742298,4211.736504710451,4336.246208587874,0.029562557804404428,1925.0
101.4,3.03,371.0,31.32,304.2,33.46534653465347,2.9999999999999996,7139.045938045136,936.3865620808923,347.399414532011,223.59491877957367,570.9943333115847,1.5536999518065406,660.0
101.9,3.03,371.0,31.32,305.7,33.630363036303635,2.9999999999999996,7214.122148484298,941.1460749510805,349.1651938068509,225.94630569052822,575.1114994973791,1.5453458853409705,649.0
101.8,3.03,371.0,31.32,305.4,33.5973597359736,3.0,7199.075490469927,940.1941723770445,348.8120379518835,225.47504436151812,574.2870823134016,1.5470095102525472,682.0
216.4,6.61,452.0,32.805,649.2,32.73827534039334,3.0,32422.89526012703,4356.4839176855385,1969.1307307938632,1063.6330790084673,3032.763809802331,1.851325207588986,3568.0
318.3,10.36,331.0,32.67,954.9,30.723938223938227,3.0,69550.03617832139,10022.492352493124,3317.444968675224,2272.19968194576,5589.644650620984,1.4600147139508381,6565.0
101.7,3.03,371.0,54.27,305.1,33.56435643564357,3.0,7184.044540418828,939.2422698030073,348.45888209691566,389.8780972085298,738.3369793054455,0.8937636779081213,800.0
101.3,3.03,371.0,54.27,303.9,33.43234323432343,3.0,7124.077819847105,935.434659506855,347.04625867704317,386.62370328310243,733.6699619601457,0.8976331656078548,742.0
216.4,6.61,452.0,51.705,649.2,32.73827534039334,3.0,32422.89526012703,4356.4839176855385,1969.1307307938632,1676.4257994248678,3645.556530218731,1.1746005886269548,4023.0
318.3,10.36,331.0,53.055,954.9,30.723938223938227,3.0,69550.03617832139,10022.492352493124,3317.444968675224,3689.9771694408414,7007.422138116066,0.8990421393793966,7933.0
101.9,3.03,371.0,69.255,305.7,33.630363036303635,2.9999999999999996,7214.122148484298,941.1460749510805,349.1651938068509,499.61402939328,848.7792232001309,0.6988698740723298,877.0
101.5,3.03,371.0,69.255,304.5,33.4983498349835,3.0,7154.029764206431,937.3384646549312,347.7525703869794,495.4523313201163,843.2049017070957,0.7018890585506061,862.0
216.4,6.61,452.0,63.18,649.2,32.73827534039334,3.0,32422.89526012703,4356.4839176855385,1969.1307307938632,2048.4785225348255,4017.6092533286887,0.961265011632743,4214.0
318.5,10.36,331.0,70.875,955.5,30.743243243243246,3.0,69643.55510843343,10029.001732471374,3319.599573448025,4935.986968310219,8255.586541758243,0.6725300521983455,8289.0
108.0,4.5,348.1,36.888,4158.0,24.0,38.5,7697.68739945839,1463.196778409446,509.3387985643282,283.95229279122105,793.2910913555493,1.793747793185896,342.0
108.0,4.5,348.1,36.888,4158.0,24.0,38.5,7697.68739945839,1463.196778409446,509.3387985643282,283.95229279122105,793.2910913555493,1.793747793185896,292.0
108.0,4.5,348.1,54.288,4158.0,24.0,38.5,7697.68739945839,1463.196778409446,509.3387985643282,417.89205354179705,927.2308521061252,1.218828628703237,298.0
108.0,4.5,348.1,54.288,4158.0,24.0,38.5,7697.68739945839,1463.196778409446,509.3387985643282,417.89205354179705,927.2308521061252,1.218828628703237,280.0
108.0,4.5,348.1,54.288,4023.0,24.0,37.25,7697.68739945839,1463.196778409446,509.3387985643282,417.89205354179705,927.2308521061252,1.218828628703237,318.0
108.0,4.5,348.1,54.288,4023.0,24.0,37.25,7697.68739945839,1463.196778409446,509.3387985643282,417.89205354179705,927.2308521061252,1.218828628703237,320.0
108.0,4.5,348.1,36.888,3807.0,24.0,35.25,7697.68739945839,1463.196778409446,509.3387985643282,283.95229279122105,793.2910913555493,1.793747793185896,350.0
108.0,4.5,348.1,36.888,3807.0,24.0,35.25,7697.68739945839,1463.196778409446,509.3387985643282,283.95229279122105,793.2910913555493,1.793747793185896,370.0
108.0,4.5,348.1,36.888,3510.0,24.0,32.5,7697.68739945839,1463.196778409446,509.3387985643282,283.95229279122105,793.2910913555493,1.793747793185896,400.0
108.0,4.5,348.1,36.888,3510.0,24.0,32.5,7697.68739945839,1463.196778409446,509.3387985643282,283.95229279122105,793.2910913555493,1.793747793185896,390.0
108.0,4.5,348.1,54.288,3510.0,24.0,32.5,7697.68739945839,1463.196778409446,509.3387985643282,417.89205354179705,927.2308521061252,1.218828628703237,440.0
159.0,4.8,433.0,87.075,650.0,33.125,4.088050314465409,17530.369750369868,2325.281218481021,1006.8467676022821,1526.4569460134562,2533.303713615738,0.6595972262642554,2150.0
219.0,6.0,325.0,78.3,1000.0,36.5,4.566210045662101,33653.52590341726,4014.9554112877554,1304.8605086685204,2635.071078237572,3939.931586906092,0.49518987151620103,2989.0
219.0,6.0,325.0,75.735,1000.0,36.5,4.566210045662101,33653.52590341726,4014.9554112877554,1304.8605086685204,2548.7497842953067,3853.6102929638273,0.5119610079846642,2450.0
219.0,6.0,325.0,80.19,1000.0,36.5,4.566210045662101,33653.52590341726,4014.9554112877554,1304.8605086685204,2698.67624219503,4003.536750863551,0.48351872976329396,1862.0
219.0,6.0,325.0,78.3,1000.0,36.5,4.566210045662101,33653.52590341726,4014.9554112877554,1304.8605086685204,2635.071078237572,3939.931586906092,0.49518987151620103,1332.8
219.0,6.0,325.0,73.035,1000.0,36.5,4.566210045662101,33653.52590341726,4014.9554112877554,1304.8605086685204,2457.8852643560795,3762.7457730245997,0.5308874777807702,960.4
219.0,6.0,325.0,73.035,1000.0,36.5,4.566210045662101,33653.52590341726,4014.9554112877554,1304.8605086685204,2457.8852643560795,3762.7457730245997,0.5308874777807702,770.3
219.0,4.0,325.0,64.26,1000.0,54.75,4.566210045662101,34966.71163261779,2701.769682087222,878.0751466783471,2246.9608895120195,3125.0360361903668,0.3907834581264304,1930.6
219.0,4.0,325.0,65.205,1000.0,54.75,4.566210045662101,34966.71163261779,2701.769682087222,878.0751466783471,2280.004432004843,3158.07957868319,0.3851199297477866,1646.4
219.0,4.0,325.0,66.555,1000.0,54.75,4.566210045662101,34966.71163261779,2701.769682087222,878.0751466783471,2327.209492708878,3205.284639387225,0.37730816646689824,1235.8
219.0,4.0,325.0,66.555,1000.0,54.75,4.566210045662101,34966.71163261779,2701.769682087222,878.0751466783471,2327.209492708878,3205.284639387225,0.37730816646689824,986.9
219.0,4.0,325.0,65.205,1000.0,54.75,4.566210045662101,34966.71163261779,2701.769682087222,878.0751466783471,2280.004432004843,3158.07957868319,0.3851199297477866,669.3
219.0,4.0,325.0,70.605,1000.0,54.75,4.566210045662101,34966.71163261779,2701.769682087222,878.0751466783471,2468.8246748209795,3346.8998214993267,0.35566525060837645,1979.6
219.0,4.0,325.0,73.17,1000.0,54.75,4.566210045662101,34966.71163261779,2701.769682087222,878.0751466783471,2558.5142901586437,3436.589436836991,0.34319728056859944,1695.4
219.0,4.0,325.0,73.17,1000.0,54.75,4.566210045662101,34966.71163261779,2701.769682087222,878.0751466783471,2558.5142901586437,3436.589436836991,0.34319728056859944,1521.0
219.0,4.0,325.0,70.2,1000.0,54.75,4.566210045662101,34966.71163261779,2701.769682087222,878.0751466783471,2454.663156609769,3332.738303288116,0.35771716551573246,1017.2
219.0,4.0,325.0,73.035,1000.0,54.75,4.566210045662101,34966.71163261779,2701.769682087222,878.0751466783471,2553.7937840882405,3431.8689307665877,0.3438316563182641,825.2
76.0,2.0,275.0,52.0,1555.0,38.0,20.460526315789473,4071.5040790523717,464.9557127312894,127.86282100110459,211.71821211072333,339.58103311182794,0.6039292497625832,206.0
76.0,2.0,275.0,52.0,1330.0,38.0,17.5,4071.5040790523717,464.9557127312894,127.86282100110459,211.71821211072333,339.58103311182794,0.6039292497625832,240.0
76.0,2.0,275.0,52.0,1105.0,38.0,14.539473684210526,4071.5040790523717,464.9557127312894,127.86282100110459,211.71821211072333,339.58103311182794,0.6039292497625832,265.0
120.0,2.65,340.0,20.1,360.0,45.28301886792453,3.0,10332.768923491536,976.9646294317198,332.16797400678473,207.68865536217987,539.8566293689646,1.5993554073886722,640.0
120.0,2.65,340.0,20.1,360.0,45.28301886792453,3.0,10332.768923491536,976.9646294317198,332.16797400678473,207.68865536217987,539.8566293689646,1.5993554073886722,533.0
120.0,2.65,340.0,36.0,360.0,45.28301886792453,3.0,10332.768923491536,976.9646294317198,332.16797400678473,371.9796812456953,704.14765525248,0.8929734357920086,816.0
120.0,2.65,340.0,36.0,360.0,45.28301886792453,3.0,10332.768923491536,976.9646294317198,332.16797400678473,371.9796812456953,704.14765525248,0.8929734357920086,600.0
120.0,2.65,340.0,36.0,1400.0,45.28301886792453,11.666666666666666,10332.768923491536,976.9646294317198,332.16797400678473,371.9796812456953,704.14765525248,0.8929734357920086,769.0
120.0,2.65,340.0,36.0,1400.0,45.28301886792453,11.666666666666666,10332.768923491536,976.9646294317198,332.16797400678473,371.9796812456953,704.14765525248,0.8929734357920086,590.0
120.0,2.65,340.0,30.0,1400.0,45.28301886792453,11.666666666666666,10332.768923491536,976.9646294317198,332.16797400678473,309.9830677047461,642.1510417115308,1.0715681229504104,412.0
158.7,0.9,221.0,25.245,450.0,176.33333333333331,2.835538752362949,19334.62568123465,446.1689886628238,98.60334649448406,488.10262532276874,586.7059718172528,0.20201355489387174,699.7
157.5,1.5,308.0,25.245,450.0,105.0,2.857142857142857,18747.65050983794,735.1326809400116,226.42086572952357,473.28443712085874,699.7053028503823,0.47840336163790725,815.4
157.7,2.14,286.0,25.245,450.0,73.69158878504672,2.853519340519975,18486.463523166727,1045.8311678317964,299.10771399989375,466.6907716423441,765.7984856422379,0.6409119960681796,907.5
165.0,4.7,355.0,33.4,2475.0,35.1063829787234,15.0,19015.55767735444,2366.9073211410882,840.2520990050864,635.1196264236384,1475.3717254287249,1.3229824178738578,1058.0
165.0,4.7,355.0,33.4,2475.0,35.1063829787234,15.0,19015.55767735444,2366.9073211410882,840.2520990050864,635.1196264236384,1475.3717254287249,1.3229824178738578,1037.0
165.0,4.7,355.0,10.0,2475.0,35.1063829787234,15.0,19015.55767735444,2366.9073211410882,840.2520990050864,190.15557677354442,1030.4076757786308,4.418761275698685,800.0
165.0,4.7,355.0,10.0,2475.0,35.1063829787234,15.0,19015.55767735444,2366.9073211410882,840.2520990050864,190.15557677354442,1030.4076757786308,4.418761275698685,834.0
110.0,1.9,350.0,33.4,2200.0,57.89473684210527,20.0,8858.066061988317,645.2517151208073,225.83810029228252,295.8594064704098,521.6975067626923,0.7633291196873593,437.0
110.0,1.9,350.0,33.4,2200.0,57.89473684210527,20.0,8858.066061988317,645.2517151208073,225.83810029228252,295.8594064704098,521.6975067626923,0.7633291196873593,368.0
110.0,1.9,350.0,33.4,2200.0,57.89473684210527,20.0,8858.066061988317,645.2517151208073,225.83810029228252,295.8594064704098,521.6975067626923,0.7633291196873593,355.0
110.0,1.9,350.0,33.4,2200.0,57.89473684210527,20.0,8858.066061988317,645.2517151208073,225.83810029228252,295.8594064704098,521.6975067626923,0.7633291196873593,374.0
110.0,1.9,350.0,10.0,2200.0,57.89473684210527,20.0,8858.066061988317,645.2517151208073,225.83810029228252,88.58066061988316,314.4187609121657,2.5495192597557805,269.0
110.0,1.9,350.0,10.0,2200.0,57.89473684210527,20.0,8858.066061988317,645.2517151208073,225.83810029228252,88.58066061988316,314.4187609121657,2.5495192597557805,252.0
110.0,1.9,350.0,10.0,2200.0,57.89473684210527,20.0,8858.066061988317,645.2517151208073,225.83810029228252,88.58066061988316,314.4187609121657,2.5495192597557805,211.0
110.0,1.9,350.0,10.0,2200.0,57.89473684210527,20.0,8858.066061988317,645.2517151208073,225.83810029228252,88.58066061988316,314.4187609121657,2.5495192597557805,219.0
114.43,3.98,343.0,31.4,300.0,28.751256281407038,2.6216901162282618,8903.164331388947,1381.015856184189,473.68843867117687,279.559360005613,753.2477986767899,1.6944109424977443,948.0
114.57,3.99,343.0,93.6,300.0,28.71428571428571,2.618486514794449,8923.244763312157,1386.1152893794988,475.4375442571681,835.2157098460178,1310.6532541031859,0.5692392260495445,1308.0
114.43,3.82,343.0,34.7,300.0,29.955497382198956,2.6216901162282618,8956.76241533331,1327.4177722398265,455.3042958782605,310.7996558120659,766.1039516903264,1.46494465924883,929.0
114.26,3.93,343.0,97.2,300.0,29.07379134860051,2.625590757920532,8891.461191895976,1362.1848356593082,467.22939863114266,864.2500278522889,1331.4794264834316,0.5406183205943709,1359.0
114.88,4.91,365.0,34.7,300.5,23.397148676171078,2.6157729805013927,8668.913595749063,1696.311435605973,619.1536739961801,300.8113017724925,919.9649757686727,2.058279294520836,1380.0
115.04,4.92,365.0,104.9,300.0,23.382113821138212,2.60778859527121,8692.032890246097,1702.0847404254764,621.2609302552988,911.7942501868156,1533.0551804421143,0.681360877333905,1787.0
115.02,5.02,365.0,57.6,300.5,22.912350597609564,2.612589114936533,8655.716393329862,1734.7874633122847,633.1974241089839,498.5692642558001,1131.766688364784,1.2700289999908827,1413.0
114.49,3.75,343.0,57.6,299.3,30.530666666666665,2.614202113721723,8990.34289920753,1304.6248892195017,447.4863370022891,517.8437509943537,965.3300879966428,0.8641338939458751,1038.0
114.29,3.75,343.0,57.6,300.0,30.477333333333334,2.6249015661912676,8956.76241533331,1302.2686947293093,446.6781622921531,515.9095151231987,962.5876774153519,0.8658071797444689,1067.0
114.3,3.85,343.0,31.9,300.0,29.688311688311686,2.6246719160104988,8924.919153656707,1335.907298067622,458.21620323719435,284.7049210016489,742.9211242388433,1.6094425120054054,998.0
114.09,3.85,343.0,31.9,300.5,29.633766233766234,2.6338855289683583,8889.789943144082,1333.3673204071956,457.34499089966806,283.58429918629616,740.9292900859642,1.6127302964654704,948.0
114.54,3.84,343.0,98.9,300.0,29.828125000000004,2.6191723415400734,8968.508437566003,1335.4533379291772,458.0604949097078,886.9854844752778,1345.0459793849855,0.5164238907254349,1359.0
114.37,3.85,343.0,98.9,299.5,29.70649350649351,2.6186937133863775,8936.644284298252,1336.7539572877654,458.50660734970353,883.8341197170972,1342.3407270668008,0.5187699785752388,1182.0
100.0,3.0,303.5,58.5,300.0,33.333333333333336,3.0,6939.778171779853,914.2034621946298,277.4607507760701,405.97702304912144,683.4377738251915,0.6834395421991617,708.0
100.0,3.0,303.5,58.5,300.0,33.333333333333336,3.0,6939.778171779853,914.2034621946298,277.4607507760701,405.97702304912144,683.4377738251915,0.6834395421991617,820.0
100.0,3.0,303.5,58.5,300.0,33.333333333333336,3.0,6939.778171779853,914.2034621946298,277.4607507760701,405.97702304912144,683.4377738251915,0.6834395421991617,766.0
100.0,3.0,303.5,58.5,300.0,33.333333333333336,3.0,6939.778171779853,914.2034621946298,277.4607507760701,405.97702304912144,683.4377738251915,0.6834395421991617,780.0
100.0,3.0,303.5,58.5,300.0,33.333333333333336,3.0,6939.778171779853,914.2034621946298,277.4607507760701,405.97702304912144,683.4377738251915,0.6834395421991617,814.0
200.0,3.0,303.5,58.5,600.0,66.66666666666667,3.0,29559.245277626364,1856.6812582715677,563.5027618854208,1729.2158487411423,2292.718610626563,0.32587184664982516,2320.0
200.0,3.0,303.5,58.5,600.0,66.66666666666667,3.0,29559.245277626364,1856.6812582715677,563.5027618854208,1729.2158487411423,2292.718610626563,0.32587184664982516,2330.0
200.0,3.0,303.5,58.5,600.0,66.66666666666667,3.0,29559.245277626364,1856.6812582715677,563.5027618854208,1729.2158487411423,2292.718610626563,0.32587184664982516,2160.0
200.0,3.0,303.5,58.5,600.0,66.66666666666667,3.0,29559.245277626364,1856.6812582715677,563.5027618854208,1729.2158487411423,2292.718610626563,0.32587184664982516,2383.0
200.0,3.0,303.5,58.5,600.0,66.66666666666667,3.0,29559.245277626364,1856.6812582715677,563.5027618854208,1729.2158487411423,2292.718610626563,0.32587184664982516,2256.0
200.0,3.0,303.5,58.5,2000.0,66.66666666666667,10.0,29559.245277626364,1856.6812582715677,563.5027618854208,1729.2158487411423,2292.718610626563,0.32587184664982516,1830.0
200.0,3.0,303.5,58.5,2000.0,66.66666666666667,10.0,29559.245277626364,1856.6812582715677,563.5027618854208,1729.2158487411423,2292.718610626563,0.32587184664982516,1806.0
200.0,3.0,303.5,58.5,2000.0,66.66666666666667,10.0,29559.245277626364,1856.6812582715677,563.5027618854208,1729.2158487411423,2292.718610626563,0.32587184664982516,1882.0
200.0,3.0,303.5,58.5,2000.0,66.66666666666667,10.0,29559.245277626364,1856.6812582715677,563.5027618854208,1729.2158487411423,2292.718610626563,0.32587184664982516,2060.0
200.0,3.0,303.5,58.5,2000.0,66.66666666666667,10.0,29559.245277626364,1856.6812582715677,563.5027618854208,1729.2158487411423,2292.718610626563,0.32587184664982516,2115.0
200.0,3.0,303.5,58.5,2000.0,66.66666666666667,10.0,29559.245277626364,1856.6812582715677,563.5027618854208,1729.2158487411423,2292.718610626563,0.32587184664982516,1215.0
200.0,3.0,303.5,58.5,2000.0,66.66666666666667,10.0,29559.245277626364,1856.6812582715677,563.5027618854208,1729.2158487411423,2292.718610626563,0.32587184664982516,1132.0
200.0,3.0,303.5,58.5,2000.0,66.66666666666667,10.0,29559.245277626364,1856.6812582715677,563.5027618854208,1729.2158487411423,2292.718610626563,0.32587184664982516,1291.0
200.0,3.0,303.5,58.5,2000.0,66.66666666666667,10.0,29559.245277626364,1856.6812582715677,563.5027618854208,1729.2158487411423,2292.718610626563,0.32587184664982516,1234.0
200.0,3.0,303.5,58.5,2000.0,66.66666666666667,10.0,29559.245277626364,1856.6812582715677,563.5027618854208,1729.2158487411423,2292.718610626563,0.32587184664982516,1280.0
149.0,2.96,308.0,34.29,447.0,50.33783783783784,3.0,16078.581979841201,1358.0426457455476,418.27713488962866,551.3345760887548,969.6117109783835,0.7586629843840842,941.0
149.0,2.96,308.0,54.675,447.0,50.33783783783784,3.0,16078.581979841201,1358.0426457455476,418.27713488962866,879.0964697478177,1297.3736046374463,0.47580345193470963,1064.0
149.0,2.96,308.0,54.675,447.0,50.33783783783784,3.0,16078.581979841201,1358.0426457455476,418.27713488962866,879.0964697478177,1297.3736046374463,0.47580345193470963,1080.0
149.0,2.96,308.0,103.95,447.0,50.33783783783784,3.0,16078.581979841201,1358.0426457455476,418.27713488962866,1671.3685968044929,2089.6457316941214,0.2502602571864382,1781.0
301.0,2.96,279.0,34.29,903.0,101.6891891891892,3.0,68386.35098952353,2771.508012448673,773.2507354731798,2344.9679754307617,3118.2187109039414,0.32974895332254445,2382.0
300.0,2.96,279.0,55.485,900.0,101.35135135135135,3.0,67923.62580757629,2762.20889819405,770.6562825961399,3768.7423779333703,4539.39866052951,0.20448632602442235,3277.0
300.0,2.96,279.0,55.485,900.0,101.35135135135135,3.0,67923.62580757629,2762.20889819405,770.6562825961399,3768.7423779333703,4539.39866052951,0.20448632602442235,3152.0
301.0,2.96,279.0,108.405,903.0,101.6891891891892,3.0,68386.35098952353,2771.508012448673,773.2507354731798,7413.422379019298,8186.673114492478,0.10430415210949724,5540.0
450.0,2.96,279.0,34.29,1350.0,152.02702702702703,3.0,154886.05205159535,4157.076036387918,1159.8242141522292,5311.042724849204,6470.866939001433,0.21837975596122886,4415.0
450.0,2.96,279.0,55.485,1350.0,152.02702702702703,3.0,154886.05205159535,4157.076036387918,1159.8242141522292,8593.852598082767,9753.676812234997,0.13495975185925094,6870.0
450.0,2.96,279.0,55.485,1350.0,152.02702702702703,3.0,154886.05205159535,4157.076036387918,1159.8242141522292,8593.852598082767,9753.676812234997,0.13495975185925094,6985.0
450.0,2.96,279.0,114.885,1350.0,152.02702702702703,3.0,154886.05205159535,4157.076036387918,1159.8242141522292,17794.084089947533,18953.90830409976,0.06518032669113058,11665.0
122.0,4.54,576.0,34.29,366.0,26.87224669603524,3.0,10014.554176176038,1675.312087831583,964.9797625909918,343.39906270107633,1308.378825292068,2.810082692133007,1509.0
122.0,4.54,576.0,54.675,366.0,26.87224669603524,3.0,10014.554176176038,1675.312087831583,964.9797625909918,547.5457495824248,1512.5255121734167,1.7623728488932933,1657.0
122.0,4.54,576.0,54.675,366.0,26.87224669603524,3.0,10014.554176176038,1675.312087831583,964.9797625909918,547.5457495824248,1512.5255121734167,1.7623728488932933,1663.0
122.0,4.54,576.0,103.95,366.0,26.87224669603524,3.0,10014.554176176038,1675.312087831583,964.9797625909918,1041.0129066134991,2005.992669204491,0.9269623425997191,2100.0
239.0,4.54,507.0,34.29,717.0,52.6431718061674,3.0,41518.66521786023,3344.063273565413,1695.4400796976643,1423.6750303204274,3119.1151100180914,1.1908898053202988,3035.0
238.0,4.54,507.0,54.675,714.0,52.42290748898678,3.0,41158.29312456694,3329.8004429181183,1688.208824559486,2250.329676585697,3938.538501145183,0.7502051108888691,3583.0
238.0,4.54,507.0,54.675,714.0,52.42290748898678,3.0,41158.29312456694,3329.8004429181183,1688.208824559486,2250.329676585697,3938.538501145183,0.7502051108888691,3647.0
238.0,4.54,507.0,103.95,714.0,52.42290748898678,3.0,41158.29312456694,3329.8004429181183,1688.208824559486,4278.404570298733,5966.613394858219,0.3945884024805091,5578.0
361.0,4.54,525.0,34.29,1083.0,79.51541850220265,3.0,97269.74543958314,5084.128612535719,2669.1675215812525,3335.379571123306,6004.547092704559,0.8002590004118532,5633.0
361.0,4.54,525.0,55.485,1083.0,79.51541850220265,3.0,97269.74543958314,5084.128612535719,2669.1675215812525,5397.011825715271,8066.179347296524,0.49456395645890683,7260.0
360.0,4.54,525.0,55.485,1080.0,79.29515418502203,3.0,96717.73619442088,5069.865781888419,2661.6795354914198,5366.383592747442,8028.063128238862,0.49599129273737075,7045.0
360.0,4.54,525.0,114.885,1080.0,79.29515418502203,3.0,96717.73619442088,5069.865781888419,2661.6795354914198,11111.417122696044,13773.096658187464,0.23954456088726125,11505.0
108.0,6.47,853.0,34.29,324.0,16.69242658423493,3.0,7097.17479115809,2063.709386709747,1760.3441068634143,243.36212358881087,2003.706230452225,7.2334350181695655,2275.0
109.0,6.47,853.0,54.675,327.0,16.846986089644513,3.0,7247.28008814661,2084.0354911784725,1777.682273975237,396.2450388194159,2173.927312794653,4.48632058402981,2446.0
108.0,6.47,853.0,54.675,324.0,16.69242658423493,3.0,7097.17479115809,2063.709386709747,1760.3441068634143,388.0380317065686,2148.382138569983,4.5365246780619,2402.0
108.0,6.47,853.0,103.95,324.0,16.69242658423493,3.0,7097.17479115809,2063.709386709747,1760.3441068634143,737.7513195408834,2498.0954264042975,2.3860941488507397,2713.0
222.0,6.47,843.0,34.29,666.0,34.31221020092736,3.0,34326.67778873533,4380.885296144508,3693.0863046498207,1177.0617813757344,4870.148086025555,3.137546697279891,4964.0
222.0,6.47,843.0,54.675,666.0,34.31221020092736,3.0,34326.67778873533,4380.885296144508,3693.0863046498207,1876.811108099104,5569.897412748925,1.9677453360718329,5638.0
222.0,6.47,843.0,54.675,666.0,34.31221020092736,3.0,34326.67778873533,4380.885296144508,3693.0863046498207,1876.811108099104,5569.897412748925,1.9677453360718329,5714.0
222.0,6.47,843.0,103.95,666.0,34.31221020092736,3.0,34326.67778873533,4380.885296144508,3693.0863046498207,3568.2581561390375,7261.344460788858,1.0349829365053147,7304.0
337.0,6.47,823.0,34.29,1011.0,52.08655332302937,3.0,82478.49670883681,6718.387310047991,5529.232756169497,2828.1876521460144,8357.420408315513,1.955044514805778,8475.0
337.0,6.47,823.0,55.485,1011.0,52.08655332302937,3.0,82478.49670883681,6718.387310047991,5529.232756169497,4576.31938988981,10105.552146059308,1.2082270237485833,9668.0
337.0,6.47,823.0,55.485,1011.0,52.08655332302937,3.0,82478.49670883681,6718.387310047991,5529.232756169497,4576.31938988981,10105.552146059308,1.2082270237485833,9835.0
337.0,6.47,823.0,114.885,1011.0,52.08655332302937,3.0,82478.49670883681,6718.387310047991,5529.232756169497,9475.542094394717,15004.774850564216,0.583526799953781,13776.0
180.0,1.49,222.7,44.76,555.0,120.80536912751678,3.0833333333333335,24611.299994234778,835.6004998425458,186.08823131493494,1101.6017877419486,1287.6900190568836,0.16892513554864194,1287.0
150.0,1.5,222.7,44.76,459.0,100.0,3.06,16971.66891285546,699.7897635871265,155.84318035085303,759.6519005394105,915.4950808902635,0.20515078056171854,1024.0
135.0,1.46,222.7,44.76,417.0,92.46575342465754,3.088888888888889,13701.370234796343,612.5112931221526,136.40626497830337,613.2733317094842,749.6795966877876,0.22242327837421905,800.0
120.0,1.51,222.7,49.32,369.0,79.47019867549669,3.075,10747.640109502236,562.09344342102,125.17820984986115,530.0736102006503,655.2518200505114,0.23615250305042934,690.0
219.0,4.78,350.0,50.5,650.0,45.81589958158995,2.9680365296803655,34451.57965866043,3216.9016560445884,1125.915579615606,1739.8047727623514,2865.720352377957,0.6471505293251661,3400.0
219.0,4.72,350.0,50.5,650.0,46.398305084745765,2.9680365296803655,34491.06947831606,3177.41183638896,1112.094142736136,1741.799008654961,2853.893151391097,0.6384744377566899,3350.0
219.0,4.75,350.0,42.6,650.0,46.10526315789474,2.9680365296803655,34471.32174105485,3197.1595736501627,1119.0058507775568,1468.4783061689368,2587.4841569464934,0.7620172842027835,3150.0
165.0,2.73,350.0,77.2,510.0,60.43956043956044,3.090909090909091,19990.748563573943,1391.7164349215846,487.1007522225546,1543.2857891079084,2030.386541330463,0.31562576138546683,2080.0
165.0,2.72,350.0,57.0,510.0,60.66176470588235,3.090909090909091,19995.76097465275,1386.7040238427808,485.34640834497327,1139.7583755552068,1625.10478390018,0.42583271924503124,1750.0
165.0,2.75,350.0,46.3,510.0,60.0,3.090909090909091,19980.725626371932,1401.7393721235958,490.60878024325854,925.1075965010203,1415.716376744279,0.5303261827044325,1560.0
100.0,1.9,404.0,121.6,300.0,52.631578947368425,3.0,7268.420179271881,585.5614547026012,236.56682769985088,883.8398937994607,1120.4067214993115,0.26765801064137845,1125.0
100.0,1.9,404.0,121.6,300.0,52.631578947368425,3.0,7268.420179271881,585.5614547026012,236.56682769985088,883.8398937994607,1120.4067214993115,0.26765801064137845,1085.0
100.0,1.9,404.0,121.6,300.0,52.631578947368425,3.0,7268.420179271881,585.5614547026012,236.56682769985088,883.8398937994607,1120.4067214993115,0.26765801064137845,1100.0
100.0,1.9,404.0,121.6,300.0,52.631578947368425,3.0,7268.420179271881,585.5614547026012,236.56682769985088,883.8398937994607,1120.4067214993115,0.26765801064137845,1170.0
100.0,1.9,404.0,121.6,900.0,52.631578947368425,9.0,7268.420179271881,585.5614547026012,236.56682769985088,883.8398937994607,1120.4067214993115,0.26765801064137845,1065.0
100.0,1.9,404.0,121.6,900.0,52.631578947368425,9.0,7268.420179271881,585.5614547026012,236.56682769985088,883.8398937994607,1120.4067214993115,0.26765801064137845,980.0
100.0,1.9,404.0,121.6,1500.0,52.631578947368425,15.0,7268.420179271881,585.5614547026012,236.56682769985088,883.8398937994607,1120.4067214993115,0.26765801064137845,907.0
100.0,1.9,404.0,121.6,1500.0,52.631578947368425,15.0,7268.420179271881,585.5614547026012,236.56682769985088,883.8398937994607,1120.4067214993115,0.26765801064137845,760.0
100.0,1.9,404.0,121.6,1500.0,52.631578947368425,15.0,7268.420179271881,585.5614547026012,236.56682769985088,883.8398937994607,1120.4067214993115,0.26765801064137845,456.0
100.0,1.9,404.0,121.6,1500.0,52.631578947368425,15.0,7268.420179271881,585.5614547026012,236.56682769985088,883.8398937994607,1120.4067214993115,0.26765801064137845,478.0
100.0,1.9,404.0,121.6,1500.0,52.631578947368425,15.0,7268.420179271881,585.5614547026012,236.56682769985088,883.8398937994607,1120.4067214993115,0.26765801064137845,297.5
100.0,1.9,404.0,121.6,1500.0,52.631578947368425,15.0,7268.420179271881,585.5614547026012,236.56682769985088,883.8398937994607,1120.4067214993115,0.26765801064137845,320.0
100.0,1.9,404.0,121.6,3000.0,52.631578947368425,30.0,7268.420179271881,585.5614547026012,236.56682769985088,883.8398937994607,1120.4067214993115,0.26765801064137845,288.0
100.0,1.9,404.0,121.6,3000.0,52.631578947368425,30.0,7268.420179271881,585.5614547026012,236.56682769985088,883.8398937994607,1120.4067214993115,0.26765801064137845,317.5
219.0,6.3,300.0,145.8,708.0,34.761904761904766,3.232876712328767,33458.71574296816,4209.76557173686,1262.9296715210578,4878.2807553247585,6141.210426845816,0.2588882712710908,5410.0
219.0,6.3,405.0,133.65,1728.0,34.761904761904766,7.890410958904109,33458.71574296816,4209.76557173686,1704.9550565534282,4471.757359047695,6176.712415601123,0.38127181769015195,4977.0
219.0,6.3,393.0,135.0,3078.0,34.761904761904766,14.054794520547945,33458.71574296816,4209.76557173686,1654.437869692586,4516.926625300702,6171.364494993288,0.3662751261943394,4204.0
180.0,6.0,275.0,53.8,800.0,30.0,4.444444444444445,22167.07776372958,3279.822730347744,901.9512508456295,1192.5887836886513,2094.540034534281,0.756296942568849,930.0
180.0,6.0,275.0,53.8,800.0,30.0,4.444444444444445,22167.07776372958,3279.822730347744,901.9512508456295,1192.5887836886513,2094.540034534281,0.756296942568849,550.0
114.0,2.74,310.0,45.0,580.0,41.605839416058394,5.087719298245614,9249.31247124402,957.7220602692178,296.89383868345755,416.2190612059809,713.1128998894385,0.7133114899236415,670.0
114.0,2.74,310.0,45.0,580.0,41.605839416058394,5.087719298245614,9249.31247124402,957.7220602692178,296.89383868345755,416.2190612059809,713.1128998894385,0.7133114899236415,525.0
114.0,2.74,310.0,45.0,1720.0,41.605839416058394,15.087719298245615,9249.31247124402,957.7220602692178,296.89383868345755,416.2190612059809,713.1128998894385,0.7133114899236415,370.0
114.0,2.74,310.0,45.0,1720.0,41.605839416058394,15.087719298245615,9249.31247124402,957.7220602692178,296.89383868345755,416.2190612059809,713.1128998894385,0.7133114899236415,252.0
240.0,6.0,489.0,42.525,1400.0,40.0,5.833333333333333,40828.13812605295,4410.79608564007,2156.879285877994,1736.2165738104018,3893.0958596883956,1.2422870040598573,1277.0
360.0,6.0,498.0,42.525,1760.0,60.0,4.888888888888889,95114.85918008458,6672.74279622472,3323.025912519911,4044.7593866330963,7367.785299153007,0.8215633106635882,6888.0
360.0,6.0,498.0,42.525,1760.0,60.0,4.888888888888889,95114.85918008458,6672.74279622472,3323.025912519911,4044.7593866330963,7367.785299153007,0.8215633106635882,4294.0
480.0,6.0,468.0,42.525,2120.0,80.0,4.416666666666667,172021.0473399627,8934.68950680937,4181.434689186785,7315.195038131914,11496.6297273187,0.5716094604983494,3323.0
600.0,6.0,517.0,42.525,2480.0,100.0,4.133333333333334,271546.7026056874,11196.636217394023,5788.6609243927105,11547.523528306854,17336.184452699563,0.5012902472294394,4590.0
240.0,6.0,489.0,79.65,1400.0,40.0,5.833333333333333,40828.13812605295,4410.79608564007,2156.879285877994,3251.9612017401178,5408.840487618112,0.6632549258963644,1438.0
360.0,6.0,498.0,79.65,1760.0,60.0,4.888888888888889,95114.85918008458,6672.74279622472,3323.025912519911,7575.898533693738,10898.924446213648,0.4386312590831021,2537.0
480.0,6.0,468.0,79.65,2120.0,80.0,4.416666666666667,172021.0473399627,8934.68950680937,4181.434689186785,13701.47642062803,17882.911109814817,0.3051813221304746,3895.0
300.0,12.0,479.0,42.525,1580.0,25.0,5.266666666666667,59828.49049496402,10857.344210806325,5200.667876976229,2544.2065582983446,7744.874435274574,2.0441217164594607,9823.0
300.0,12.0,479.0,42.525,1580.0,25.0,5.266666666666667,59828.49049496402,10857.344210806325,5200.667876976229,2544.2065582983446,7744.874435274574,2.0441217164594607,3683.0
480.0,12.0,489.0,42.525,2120.0,40.0,4.416666666666667,163312.5525042118,17643.18434256028,8627.517143511976,6944.866295241607,15572.383438753583,1.2422870040598573,5135.0
139.6,4.0,374.0,83.7,1310.0,34.9,9.383954154727794,13601.96521668851,1703.9998553071055,637.2959458848575,1138.4844886368282,1775.7804345216857,0.5597756950100636,756.9
139.6,4.0,374.0,83.7,1230.0,34.9,8.810888252148997,13601.96521668851,1703.9998553071055,637.2959458848575,1138.4844886368282,1775.7804345216857,0.5597756950100636,874.7
139.6,4.0,374.0,83.7,2125.0,34.9,15.222063037249285,13601.96521668851,1703.9998553071055,637.2959458848575,1138.4844886368282,1775.7804345216857,0.5597756950100636,608.2
139.6,4.0,374.0,83.7,2135.0,34.9,15.293696275071634,13601.96521668851,1703.9998553071055,637.2959458848575,1138.4844886368282,1775.7804345216857,0.5597756950100636,605.7
139.6,4.0,374.0,83.7,3270.0,34.9,23.42406876790831,13601.96521668851,1703.9998553071055,637.2959458848575,1138.4844886368282,1775.7804345216857,0.5597756950100636,555.9
139.6,4.0,374.0,83.7,3270.0,34.9,23.42406876790831,13601.96521668851,1703.9998553071055,637.2959458848575,1138.4844886368282,1775.7804345216857,0.5597756950100636,484.11
139.6,4.0,374.0,83.7,4670.0,34.9,33.45272206303725,13601.96521668851,1703.9998553071055,637.2959458848575,1138.4844886368282,1775.7804345216857,0.5597756950100636,336.2
139.6,4.0,374.0,83.7,4670.0,34.9,33.45272206303725,13601.96521668851,1703.9998553071055,637.2959458848575,1138.4844886368282,1775.7804345216857,0.5597756950100636,333.0
139.6,4.0,374.0,83.7,1070.0,34.9,7.6647564469914045,13601.96521668851,1703.9998553071055,637.2959458848575,1138.4844886368282,1775.7804345216857,0.5597756950100636,813.8
139.6,4.0,374.0,83.7,1250.0,34.9,8.954154727793696,13601.96521668851,1703.9998553071055,637.2959458848575,1138.4844886368282,1775.7804345216857,0.5597756950100636,835.2
139.6,4.0,374.0,83.7,3040.0,34.9,21.77650429799427,13601.96521668851,1703.9998553071055,637.2959458848575,1138.4844886368282,1775.7804345216857,0.5597756950100636,610.3
139.6,4.0,374.0,83.7,2130.0,34.9,15.257879656160458,13601.96521668851,1703.9998553071055,637.2959458848575,1138.4844886368282,1775.7804345216857,0.5597756950100636,678.6
139.6,4.0,374.0,83.7,3270.0,34.9,23.42406876790831,13601.96521668851,1703.9998553071055,637.2959458848575,1138.4844886368282,1775.7804345216857,0.5597756950100636,540.95
139.6,4.0,374.0,83.7,3270.0,34.9,23.42406876790831,13601.96521668851,1703.9998553071055,637.2959458848575,1138.4844886368282,1775.7804345216857,0.5597756950100636,569.0
139.6,4.0,374.0,83.7,4670.0,34.9,33.45272206303725,13601.96521668851,1703.9998553071055,637.2959458848575,1138.4844886368282,1775.7804345216857,0.5597756950100636,342.4
139.6,4.0,374.0,83.7,4670.0,34.9,33.45272206303725,13601.96521668851,1703.9998553071055,637.2959458848575,1138.4844886368282,1775.7804345216857,0.5597756950100636,333.9
100.0,3.0,322.0,44.145,2135.0,33.333333333333336,21.35,6939.778171779853,914.2034621946298,294.3735148266708,306.35650739322165,600.7300222198925,0.9608854642308279,181.56
100.0,3.0,322.0,46.575,2135.0,33.333333333333336,21.35,6939.778171779853,914.2034621946298,294.3735148266708,323.2201683506467,617.5936831773175,0.9107523095753064,117.49
100.0,3.0,322.0,88.8165,2135.0,33.333333333333336,21.35,6939.778171779853,914.2034621946298,294.3735148266708,616.3668079938853,910.7403228205562,0.4775946903837676,248.58
100.0,3.0,322.0,96.714,2135.0,33.333333333333336,21.35,6939.778171779853,914.2034621946298,294.3735148266708,671.1737061055168,965.5472209321877,0.43859512395795747,151.59
100.0,3.0,322.0,129.1005,2135.0,33.333333333333336,21.35,6939.778171779853,914.2034621946298,294.3735148266708,895.928831865865,1190.3023466925358,0.32856796695961593,271.04
100.0,3.0,322.0,125.5635,2135.0,33.333333333333336,21.35,6939.778171779853,914.2034621946298,294.3735148266708,871.3828364722797,1165.7563512989504,0.3378234026486192,154.24
100.0,3.0,322.0,53.2305,3135.0,33.333333333333336,31.35,6939.778171779853,914.2034621946298,294.3735148266708,369.4078619729275,663.7813767995983,0.7968793984364207,140.32
100.0,3.0,322.0,49.518,3135.0,33.333333333333336,31.35,6939.778171779853,914.2034621946298,294.3735148266708,343.6439355101948,638.0174503368656,0.8566236281447129,95.75
100.0,3.0,322.0,96.849,3135.0,33.333333333333336,31.35,6939.778171779853,914.2034621946298,294.3735148266708,672.110576158707,966.4840909853779,0.43798375634719927,159.55
100.0,3.0,322.0,107.3925,3135.0,33.333333333333336,31.35,6939.778171779853,914.2034621946298,294.3735148266708,745.2801273128679,1039.6536421395388,0.3949837169119808,102.75
100.0,3.0,322.0,127.656,3135.0,33.333333333333336,31.35,6939.778171779853,914.2034621946298,294.3735148266708,885.904322296729,1180.2778371233999,0.3322858997498739,160.33
100.0,3.0,322.0,122.04,3135.0,33.333333333333336,31.35,6939.778171779853,914.2034621946298,294.3735148266708,846.9305280840134,1141.3040429106843,0.3475769323047353,160.8
100.0,5.0,322.0,47.7765,2135.0,20.0,21.35,6361.725123519331,1492.2565104551518,480.5065963665589,303.9409603638213,784.4475567303803,1.5809208334124698,270.02
100.0,5.0,322.0,41.229,2135.0,20.0,21.35,6361.725123519331,1492.2565104551518,480.5065963665589,262.2875651175785,742.7941614841374,1.8319838996223743,161.26
100.0,5.0,322.0,94.716,2135.0,20.0,21.35,6361.725123519331,1492.2565104551518,480.5065963665589,602.557156799257,1083.0637531658158,0.7974456712438328,313.55
100.0,5.0,322.0,82.35,2135.0,20.0,21.35,6361.725123519331,1492.2565104551518,480.5065963665589,523.8880639218169,1004.3946602883757,0.9171932507289724,183.81
101.6,5.0,320.0,128.8305,2135.0,20.32,21.013779527559056,6589.930413876094,1517.38925168387,485.5645605388384,848.9840301848641,1334.5485907237025,0.5719360356320342,330.4
101.6,5.0,320.0,110.241,2135.0,20.32,21.013779527559056,6589.930413876094,1517.38925168387,485.5645605388384,726.4805187561144,1212.0450792949528,0.6683793274597726,213.46
101.6,5.0,320.0,52.2045,3135.0,20.32,30.856299212598426,6589.930413876094,1517.38925168387,485.5645605388384,344.0240222911945,829.5885828300329,1.4114263222230417,212.48
101.6,5.0,320.0,53.406,3135.0,20.32,30.856299212598426,6589.930413876094,1517.38925168387,485.5645605388384,351.9418236834666,837.5063842223051,1.379672797784758,144.83
101.6,5.0,320.0,97.011,3135.0,20.32,30.856299212598426,6589.930413876094,1517.38925168387,485.5645605388384,639.2957393805337,1124.8602999193722,0.7595304185967857,231.35
101.6,5.0,320.0,97.8615,3135.0,20.32,30.856299212598426,6589.930413876094,1517.38925168387,485.5645605388384,644.9004751975353,1130.4650357363737,0.7529294506878883,153.16
101.6,5.0,320.0,116.6265,3135.0,20.32,30.856299212598426,6589.930413876094,1517.38925168387,485.5645605388384,768.5605194139202,1254.1250799527586,0.6317844181081725,246.82
101.6,5.0,320.0,130.599,3135.0,20.32,30.856299212598426,6589.930413876094,1517.38925168387,485.5645605388384,860.6383221218039,1346.2028826606422,0.5641911916514888,164.95
125.0,5.0,322.0,118.773,3135.0,25.0,25.08,10386.890710931253,1884.9555921538758,606.955700673548,1233.6821704094377,1840.6378710829858,0.4919870897316364,474.17
125.0,5.0,322.0,130.9095,3135.0,25.0,25.08,10386.890710931253,1884.9555921538758,606.955700673548,1359.742669522655,1966.698370196203,0.44637541667102576,317.9
125.0,5.0,322.0,144.8955,3135.0,25.0,25.08,10386.890710931253,1884.9555921538758,606.955700673548,1505.0137230057392,2111.969423679287,0.403289147065959,489.47
125.0,5.0,322.0,132.192,3135.0,25.0,25.08,10386.890710931253,1884.9555921538758,606.955700673548,1373.0638568594243,1980.0195575329722,0.44204477282056137,322.97
160.1,5.7,322.0,117.963,3135.0,28.087719298245613,19.581511555277952,17366.480715613718,2764.852862571308,890.2826217479611,2048.6021646559407,2938.8847864039017,0.43458053355004755,1012.5
160.1,5.7,322.0,100.9125,3135.0,28.087719298245613,19.581511555277952,17366.480715613718,2764.852862571308,890.2826217479611,1752.494985214369,2642.77760696233,0.5080086558074001,642.16
160.1,5.7,322.0,112.158,3135.0,28.087719298245613,19.581511555277952,17366.480715613718,2764.852862571308,890.2826217479611,1947.7897441018033,2838.0723658497645,0.4570732669908901,1011.5
160.1,5.7,322.0,132.975,3135.0,28.087719298245613,19.581511555277952,17366.480715613718,2764.852862571308,890.2826217479611,2309.307773158734,3199.590394906695,0.38551925910257007,686.21
114.85,3.0,354.05,54.405,1000.0,38.28333333333333,8.7070091423596,9305.650730840662,1054.1614149120558,373.22584894961335,506.2739280113862,879.4997769609995,0.7372014008614314,806.4
114.85,3.0,354.05,54.405,1500.0,38.28333333333333,13.0605137135394,9305.650730840662,1054.1614149120558,373.22584894961335,506.2739280113862,879.4997769609995,0.7372014008614314,688.2
114.85,3.0,354.05,54.405,2000.0,38.28333333333333,17.4140182847192,9305.650730840662,1054.1614149120558,373.22584894961335,506.2739280113862,879.4997769609995,0.7372014008614314,632.2
114.85,3.0,354.05,54.405,2500.0,38.28333333333333,21.767522855899,9305.650730840662,1054.1614149120558,373.22584894961335,506.2739280113862,879.4997769609995,0.7372014008614314,566.1
127.3,3.0,345.2,54.405,1000.0,42.43333333333333,7.855459544383347,11556.1051027994,1171.499900523634,404.4017656607585,628.7098981178015,1033.11166377856,0.6432247478072719,912.1
127.3,3.0,345.2,54.405,1500.0,42.43333333333333,11.78318931657502,11556.1051027994,1171.499900523634,404.4017656607585,628.7098981178015,1033.11166377856,0.6432247478072719,848.5
127.3,3.0,345.2,54.405,2000.0,42.43333333333333,15.710919088766694,11556.1051027994,1171.499900523634,404.4017656607585,628.7098981178015,1033.11166377856,0.6432247478072719,715.8
127.3,3.0,345.2,54.405,2500.0,42.43333333333333,19.638648860958366,11556.1051027994,1171.499900523634,404.4017656607585,628.7098981178015,1033.11166377856,0.6432247478072719,638.8
139.2,3.0,361.95,54.405,1000.0,46.4,7.183908045977012,13934.722710556742,1283.6547582567878,464.61883975104433,758.1185890678396,1222.737428818884,0.6128577328809811,1059.8
139.2,3.0,361.95,54.405,1500.0,46.4,10.775862068965518,13934.722710556742,1283.6547582567878,464.61883975104433,758.1185890678396,1222.737428818884,0.6128577328809811,941.9
139.2,3.0,361.95,54.405,2000.0,46.4,14.367816091954024,13934.722710556742,1283.6547582567878,464.61883975104433,758.1185890678396,1222.737428818884,0.6128577328809811,868.3
139.2,3.0,361.95,54.405,2500.0,46.4,17.95977011494253,13934.722710556742,1283.6547582567878,464.61883975104433,758.1185890678396,1222.737428818884,0.6128577328809811,750.7
152.4,3.0,488.2,41.715,1000.0,50.800000000000004,6.561679790026247,16833.407420170974,1408.0618273389448,687.4157841068728,702.2055905324322,1389.621374639305,0.9789380679604881,1463.3
152.4,3.0,488.2,41.715,1500.0,50.800000000000004,9.84251968503937,16833.407420170974,1408.0618273389448,687.4157841068728,702.2055905324322,1389.621374639305,0.9789380679604881,1209.1
152.4,3.0,488.2,41.715,2000.0,50.800000000000004,13.123359580052494,16833.407420170974,1408.0618273389448,687.4157841068728,702.2055905324322,1389.621374639305,0.9789380679604881,1167.3
152.4,3.0,394.3,41.715,2500.0,50.800000000000004,16.404199475065617,16833.407420170974,1408.0618273389448,555.1987785197459,702.2055905324322,1257.404369052178,0.7906498979861132,968.9
165.1,3.0,438.2,41.715,1000.0,55.03333333333333,6.0569351907934585,19880.63448442856,1527.7565074407169,669.4629015605221,829.3206675179374,1498.7835690784595,0.8072425152072341,1549.5
165.1,3.0,438.2,41.715,1500.0,55.03333333333333,9.085402786190189,19880.63448442856,1527.7565074407169,669.4629015605221,829.3206675179374,1498.7835690784595,0.8072425152072341,1338.0
165.1,3.0,438.2,41.715,2000.0,55.03333333333333,12.113870381586917,19880.63448442856,1527.7565074407169,669.4629015605221,829.3206675179374,1498.7835690784595,0.8072425152072341,1234.5
165.1,3.0,430.3,41.715,2500.0,55.03333333333333,15.142337976983647,19880.63448442856,1527.7565074407169,657.3936251517405,829.3206675179374,1486.714292669678,0.7926893069230325,1232.0
193.7,3.0,398.8,41.715,1000.0,64.56666666666666,5.162622612287042,27670.59046012288,1797.3051571187218,716.7652966589463,1154.2786810440261,1871.0439777029724,0.6209638178629825,1999.6
193.7,3.5,398.8,41.715,1500.0,55.34285714285714,7.743933918430563,27376.537387746874,2091.3582294947278,834.0336619224975,1142.0122571298612,1976.0459190523586,0.73031936103612,1817.1
193.7,3.5,398.8,41.715,2000.0,55.34285714285714,10.325245224574084,27376.537387746874,2091.3582294947278,834.0336619224975,1142.0122571298612,1976.0459190523586,0.73031936103612,1796.3
193.7,3.5,392.2,41.715,2500.0,55.34285714285714,12.906556530717605,27376.537387746874,2091.3582294947278,820.2306976078322,1142.0122571298612,1962.2429547376933,0.7182328319918914,1620.8
150.0,3.0,324.4,52.6,675.0,50.0,4.5,16286.016316209487,1385.4423602330987,449.43750165961717,856.644458232619,1306.0819598922362,0.5246488170680186,1462.0
150.0,3.0,324.4,52.6,900.0,50.0,6.0,16286.016316209487,1385.4423602330987,449.43750165961717,856.644458232619,1306.0819598922362,0.5246488170680186,1489.0
111.64,1.9,261.3,47.8,400.0,58.75789473684211,3.5829451809387316,9133.760923533804,655.0409178293929,171.1621918288204,436.5937721449158,607.7559639737362,0.39203992990538494,666.6
111.64,1.9,261.3,56.7,400.0,58.75789473684211,3.5829451809387316,9133.760923533804,655.0409178293929,171.1621918288204,517.8842443643667,689.0464361931871,0.3305027980507477,701.9
113.64,3.64,259.6,56.7,400.0,31.21978021978022,3.5198873636043646,8884.777139366199,1257.8936984973534,326.54920412991294,503.76686380206354,830.3160679319765,0.6482149335217458,1011.0
76.21,2.52,286.0,195.75,300.0,30.24206349206349,3.936491274111009,3978.1743513578717,583.3899858604414,166.84953595608624,778.7276292783033,945.5771652343896,0.2142591705789563,752.0
76.12,2.51,286.0,195.75,300.0,30.32669322709164,3.941145559642669,3970.3526495884153,580.444114429169,166.00701672674234,777.1965311569322,943.2035478836746,0.2135972177843162,762.0
76.11,2.48,286.0,195.75,300.0,30.68951612903226,3.9416633819471816,3975.9387940255797,573.662358367864,164.0674344932091,778.2900189305072,942.3574534237164,0.21080500906161373,774.0
76.19,2.99,278.0,195.75,300.0,25.481605351170565,3.93752460952881,3871.5763427103866,687.5941009058913,191.1511600518378,757.8610690855581,949.0122291373959,0.2522245406832712,805.0
75.84,2.99,278.0,195.75,300.0,25.36454849498328,3.9556962025316453,3833.0725904489095,684.3064241939092,190.23718592590674,750.3239595803741,940.5611455062808,0.25354006559020015,796.0
75.97,2.98,278.0,195.75,300.0,25.493288590604028,3.948927208108464,3849.55063661607,683.3284464008457,189.96530809943508,753.5495371175957,943.5148452170308,0.2520939881750467,801.0
76.18,3.31,305.0,195.75,300.0,23.01510574018127,3.9380414807035966,3800.2225268666475,757.7512055680623,231.114117698259,743.8935596341463,975.0076773324054,0.3106817026510124,841.0
159.0,6.0,394.0,50.895,2135.0,26.5,13.427672955974844,16971.66891285546,2883.98205599543,1136.2889300621994,863.7730893197787,2000.0620193819782,1.3154947104881756,1414.0
159.0,6.0,377.0,53.865,2135.0,26.5,13.427672955974844,16971.66891285546,2883.98205599543,1087.261235110277,914.1789459909594,2001.4401811012365,1.189330863370189,851.0
159.0,6.0,377.0,54.135,2135.0,26.5,13.427672955974844,16971.66891285546,2883.98205599543,1087.261235110277,918.7612965974304,2006.0225317077075,1.1833990386152253,587.0
159.0,6.0,376.0,102.195,2135.0,26.5,13.427672955974844,16971.66891285546,2883.98205599543,1084.3772530542817,1734.4197045492638,2818.7969576035457,0.6252104091126471,870.0
159.0,6.0,457.0,162.135,2135.0,26.5,13.427672955974844,16971.66891285546,2883.98205599543,1317.9797995899114,2751.7015391858204,4069.681338775732,0.4789690236463211,2792.0
159.0,6.0,487.0,156.6,2135.0,26.5,13.427672955974844,16971.66891285546,2883.98205599543,1404.4992612697745,2657.763351753165,4062.262613022939,0.5284515870622235,2193.0
159.0,6.0,380.0,148.23,2135.0,26.5,13.427672955974844,16971.66891285546,2883.98205599543,1095.9131812782634,2515.710482952565,3611.6236642308286,0.4356277038652096,1462.0
159.0,6.0,487.0,149.445,2135.0,26.5,13.427672955974844,16971.66891285546,2883.98205599543,1404.4992612697745,2536.3310606816844,3940.830321951459,0.5537523405530074,1525.0
159.0,6.0,444.0,123.39,2135.0,26.5,13.427672955974844,16971.66891285546,2883.98205599543,1280.488032861971,2094.1342271572353,3374.6222600192064,0.6114641632118395,1033.0
152.0,4.5,356.4,36.45,3000.0,33.77777777777778,19.736842105263158,16060.60704331442,2085.2321238202253,743.1767289295283,585.4091267288106,1328.585855658339,1.2694997310381926,1001.0
152.0,4.5,356.4,36.45,3000.0,33.77777777777778,19.736842105263158,16060.60704331442,2085.2321238202253,743.1767289295283,585.4091267288106,1328.585855658339,1.2694997310381926,905.0
152.0,4.5,356.4,36.45,3000.0,33.77777777777778,19.736842105263158,16060.60704331442,2085.2321238202253,743.1767289295283,585.4091267288106,1328.585855658339,1.2694997310381926,929.0
152.0,4.5,356.4,117.585,3000.0,33.77777777777778,19.736842105263158,16060.60704331442,2085.2321238202253,743.1767289295283,1888.4864791881257,2631.663208117654,0.3935303414240093,1499.0
159.0,4.5,344.4,76.545,3000.0,35.333333333333336,18.867924528301888,17671.458676442588,2184.1922924083037,752.2358255054197,1352.661804388298,2104.8976298937177,0.5561152263374485,1351.0
159.0,4.5,344.4,76.545,3000.0,35.333333333333336,18.867924528301888,17671.458676442588,2184.1922924083037,752.2358255054197,1352.661804388298,2104.8976298937177,0.5561152263374485,1509.0
159.0,4.5,344.4,76.545,3000.0,35.333333333333336,18.867924528301888,17671.458676442588,2184.1922924083037,752.2358255054197,1352.661804388298,2104.8976298937177,0.5561152263374485,1408.0
159.0,4.5,344.4,110.835,3000.0,35.333333333333336,18.867924528301888,17671.458676442588,2184.1922924083037,752.2358255054197,1958.616122403514,2710.8519479089337,0.3840649614291514,1557.0
159.0,4.5,344.4,110.835,3000.0,35.333333333333336,18.867924528301888,17671.458676442588,2184.1922924083037,752.2358255054197,1958.616122403514,2710.8519479089337,0.3840649614291514,1501.0
159.0,4.5,344.4,110.835,3000.0,35.333333333333336,18.867924528301888,17671.458676442588,2184.1922924083037,752.2358255054197,1958.616122403514,2710.8519479089337,0.3840649614291514,1515.0
159.0,4.5,475.4,76.545,3000.0,35.333333333333336,18.867924528301888,17671.458676442588,2184.1922924083037,1038.3650158109076,1352.661804388298,2391.0268201992058,0.7676456986086615,1710.0
159.0,4.5,475.4,76.545,3000.0,35.333333333333336,18.867924528301888,17671.458676442588,2184.1922924083037,1038.3650158109076,1352.661804388298,2391.0268201992058,0.7676456986086615,1705.0
159.0,4.5,475.4,110.835,3000.0,35.333333333333336,18.867924528301888,17671.458676442588,2184.1922924083037,1038.3650158109076,1958.616122403514,2996.9811382144217,0.5301523886858844,1767.0
159.0,4.5,475.4,110.835,3000.0,35.333333333333336,18.867924528301888,17671.458676442588,2184.1922924083037,1038.3650158109076,1958.616122403514,2996.9811382144217,0.5301523886858844,1711.0
159.0,4.5,475.4,110.835,3000.0,35.333333333333336,18.867924528301888,17671.458676442588,2184.1922924083037,1038.3650158109076,1958.616122403514,2996.9811382144217,0.5301523886858844,1755.0
114.3,2.74,235.0,75.87,300.0,41.71532846715328,2.6246719160104988,9300.52200229386,960.3044494304689,225.67154561616022,705.6306043140352,931.3021499301954,0.3198154165032884,901.81
114.3,2.74,235.0,90.1125,300.0,41.71532846715328,2.6246719160104988,9300.52200229386,960.3044494304689,225.67154561616022,838.0932889317054,1063.7648345478656,0.26926781134808697,981.23
114.3,2.74,235.0,144.72,300.0,41.71532846715328,2.6246719160104988,9300.52200229386,960.3044494304689,225.67154561616022,1345.9715441719673,1571.6430897881276,0.1676644254429553,1295.06
114.3,5.9,355.0,75.87,300.0,19.3728813559322,2.6246719160104988,8251.589454194442,2009.236997529888,713.2791341231102,626.0480918897323,1339.3272260128424,1.1393360084687267,1735.77
114.3,5.9,355.0,90.1125,300.0,19.3728813559322,2.6246719160104988,8251.589454194442,2009.236997529888,713.2791341231102,743.5713546910965,1456.8504888142068,0.9592611786658045,1818.62
114.3,5.9,355.0,144.72,300.0,19.3728813559322,2.6246719160104988,8251.589454194442,2009.236997529888,713.2791341231102,1194.1700258110195,1907.4491599341297,0.597301153693493,1989.86
114.3,2.74,235.0,75.87,600.0,41.71532846715328,5.2493438320209975,9300.52200229386,960.3044494304689,225.67154561616022,705.6306043140352,931.3021499301954,0.3198154165032884,947.75
114.3,2.74,235.0,90.1125,600.0,41.71532846715328,5.2493438320209975,9300.52200229386,960.3044494304689,225.67154561616022,838.0932889317054,1063.7648345478656,0.26926781134808697,1031.92
114.3,2.74,235.0,144.72,600.0,41.71532846715328,5.2493438320209975,9300.52200229386,960.3044494304689,225.67154561616022,1345.9715441719673,1571.6430897881276,0.1676644254429553,1296.61
114.3,5.9,355.0,75.87,600.0,19.3728813559322,5.2493438320209975,8251.589454194442,2009.236997529888,713.2791341231102,626.0480918897323,1339.3272260128424,1.1393360084687267,1723.19
114.3,5.9,355.0,90.1125,600.0,19.3728813559322,5.2493438320209975,8251.589454194442,2009.236997529888,713.2791341231102,743.5713546910965,1456.8504888142068,0.9592611786658045,1810.94
114.3,5.9,355.0,144.72,600.0,19.3728813559322,5.2493438320209975,8251.589454194442,2009.236997529888,713.2791341231102,1194.1700258110195,1907.4491599341297,0.597301153693493,1968.06
114.3,2.74,235.0,75.87,900.0,41.71532846715328,7.874015748031496,9300.52200229386,960.3044494304689,225.67154561616022,705.6306043140352,931.3021499301954,0.3198154165032884,877.28
114.3,2.74,235.0,90.1125,900.0,41.71532846715328,7.874015748031496,9300.52200229386,960.3044494304689,225.67154561616022,838.0932889317054,1063.7648345478656,0.26926781134808697,983.51
114.3,2.74,235.0,144.72,900.0,41.71532846715328,7.874015748031496,9300.52200229386,960.3044494304689,225.67154561616022,1345.9715441719673,1571.6430897881276,0.1676644254429553,1233.24
114.3,5.9,355.0,75.87,900.0,19.3728813559322,7.874015748031496,8251.589454194442,2009.236997529888,713.2791341231102,626.0480918897323,1339.3272260128424,1.1393360084687267,1592.48
114.3,5.9,355.0,90.1125,900.0,19.3728813559322,7.874015748031496,8251.589454194442,2009.236997529888,713.2791341231102,743.5713546910965,1456.8504888142068,0.9592611786658045,1713.34
114.3,5.9,355.0,144.72,900.0,19.3728813559322,7.874015748031496,8251.589454194442,2009.236997529888,713.2791341231102,1194.1700258110195,1907.4491599341297,0.597301153693493,1907.29
557.2,16.0,546.0,31.7,1671.6,34.825,2.9999999999999996,216640.3338166617,27203.679105964726,14853.20879185674,6867.498581988176,21720.707373844914,2.1628266266866354,29050.0
556.7,16.0,546.0,31.7,1670.1,34.79375,2.9999999999999996,216228.0390507862,27178.546364736056,14839.486315145885,6854.428837909923,21693.91515305581,2.1649486289904782,28830.0
558.5,16.0,546.0,31.7,1675.5,34.90625,3.0,217714.1380396403,27269.024233159405,14888.887231305034,6901.538175856596,21790.42540716163,2.157328823216583,29590.0
165.0,2.37,287.5,30.2,615.0,69.62025316455696,3.727272727272727,20171.591203085187,1210.8737954103435,348.12621618047376,609.1820543331726,957.3082705136463,0.5714649893315428,1008.0
165.0,2.37,287.5,30.2,615.0,69.62025316455696,3.727272727272727,20171.591203085187,1210.8737954103435,348.12621618047376,609.1820543331726,957.3082705136463,0.5714649893315428,996.0
215.4,2.5,590.4,51.51,657.0,86.16,3.050139275766017,34768.13156098439,1672.1126898731675,987.2153321011181,1790.9064567063058,2778.121788807424,0.5512377982693338,3357.0
216.6,2.5,590.4,51.51,657.0,86.64,3.033240997229917,35165.85719092885,1681.5374678339367,992.7797210091562,1811.393303904745,2804.173024913901,0.5480751854768715,3483.0
425.8,5.2,259.8,51.51,1278.0,81.88461538461539,3.0014091122592768,135526.07654507965,6871.040124519293,1785.0962243501124,6980.948202837053,8766.044427187166,0.2557097076905184,10523.0
427.1,5.1,259.8,51.51,1278.0,83.74509803921569,2.992273472254741,136506.6068821732,6761.335709055967,1756.5950172127402,7031.4553205007405,8788.050337713481,0.24981955187729835,10784.0
628.5,6.9,276.0,51.51,1890.0,91.08695652173913,3.007159904534606,296767.47911454097,13474.4165549527,3718.9389691669453,15286.492849190005,19005.43181835695,0.24328268137475387,21207.0
628.0,7.1,276.0,51.51,1890.0,88.45070422535211,3.0095541401273884,295899.1036351805,13849.365638158752,3822.4249161318153,15241.762828248147,19064.187744379964,0.2507862744752574,21582.0
817.4,9.0,278.8,51.51,2460.0,90.82222222222222,3.009542451676046,501901.12508084415,22856.971510457915,6372.523657115667,25852.926952914284,32225.45061002995,0.246491380597713,36933.0
820.8,9.3,278.8,51.51,2460.0,88.25806451612902,2.9970760233918132,505423.22743663663,23709.442677009527,6610.192618350256,26034.350445261152,32644.54306361141,0.2539027287140733,37221.0
558.1,16.53,546.0,31.7,997.5,33.76285541439806,1.787314101415517,216508.3567659214,28124.015271178505,15355.712338063464,6863.314909479708,22219.02724754317,2.2373608876454054,29050.0
557.65,16.52,546.0,31.7,994.9,33.756053268765136,1.784093965749126,216153.86769757108,28084.165739163946,15333.954493583513,6852.077606013003,22186.032099596516,2.237854761032958,28830.0
559.4,16.54,546.0,31.7,994.85,33.82103990326481,1.7784233106900251,217565.2991186504,28208.060100325114,15401.600814777512,6896.819982061217,22298.420796838727,2.233145254601022,29590.0
346.49,3.675,318.4,58.34,1037.6,94.28299319727891,2.9946030188461426,90333.30772327184,3957.9201893609256,1260.2017882925186,5270.045172575679,6530.246960868198,0.23912542436075707,6327.0
346.31,3.665,318.4,62.58,1036.8,94.49113233287858,2.993849441252057,90248.09265086176,3945.1929692026856,1256.149441394135,5647.725638090928,6903.875079485064,0.2224168668750603,6586.0
345.89,3.69,318.4,61.04,1037.2,93.73712737127371,2.99864118650438,89998.00593205327,3966.945592355599,1263.0754766060227,5493.478282092532,6756.553758698555,0.2299227214064642,6538.0
266.42,2.845,311.6,57.63,798.2,93.64499121265378,2.9960213197207417,53391.47152717446,2355.7888320409515,734.0638000639606,3076.950504111064,3811.014304175025,0.23856860845931377,3963.0
266.19,2.89,311.6,59.33,798.6,92.10726643598615,3.000112701453849,53260.49475953511,2390.5540890446505,744.8966541463132,3159.945154083218,3904.841808229531,0.23573088070334786,3923.0
265.49,2.823,311.6,59.33,798.5,94.04534183492738,3.0076462390297185,53029.2234601024,2329.519041616759,725.8781333677821,3146.2238278878754,3872.1019612556574,0.2307140791871375,3920.0
182.48,1.985,312.8,57.63,547.1,91.92947103274558,2.9981367821131086,25027.35658169349,1125.5779055292319,352.08076884954374,1442.3265598029957,1794.4073286525395,0.24410613980348092,1803.0
182.9,1.998,312.8,57.63,547.5,91.54154154154155,2.993439037725533,25137.95722756747,1135.5041476509648,355.1856973852218,1448.7004750247131,1803.886172409935,0.24517538546341866,1889.0
182.73,2.038,312.8,59.33,547.3,89.66143277723259,2.9951294259289662,25067.750878440453,1156.8924245958674,361.8759504135873,1487.2696596178719,1849.1456100314592,0.24331562744752358,1924.0
308.83,4.665,350.0,61.5,920.9,66.20150053590568,2.9818994268691514,70450.41160629196,4457.69920002018,1560.1947200070629,4332.700313786955,5892.895033794018,0.36009753895103574,6179.0
307.4,4.69,350.0,61.05,920.6,65.54371002132196,2.9947950553025375,69755.86076261396,4460.150192068693,1561.0525672240428,4258.595299557582,5819.6478667816245,0.36656513648672323,6277.0
308.48,4.66,350.0,60.53,921.5,66.19742489270386,2.9872276970954355,70290.54820836213,4447.870648863607,1556.7547271022624,4254.68688305216,5811.441610154422,0.36589172597009123,6355.0
246.94,3.863,362.5,61.5,741.2,63.92441107947191,3.0015388353446184,44943.104408450185,2949.975768135022,1069.3662159489454,2764.000921119686,3833.3671370686316,0.3868906872562652,4071.0
246.9,3.83,362.5,61.05,741.6,64.46475195822454,3.0036452004860266,44952.87460766481,2924.6911277599115,1060.200533812968,2744.372994797937,3804.5735286109048,0.3863179443255776,4125.0
246.86,3.813,362.5,60.53,740.9,64.74167322318385,3.0012962812930404,44950.61985205981,2911.433955478547,1055.3948088609732,2720.8610196451805,3776.2558285061536,0.3878900102727791,4166.0
187.22,2.93,353.5,61.5,561.2,63.8976109215017,2.9975429975429977,25832.88410731973,1696.3648426810892,599.664971887765,1588.7223726001632,2188.387344487928,0.3774510778156479,2272.0
186.9,2.945,353.5,61.05,561.3,63.4634974533107,3.003210272873194,25733.272450955123,1701.949887560815,601.6392852527481,1571.01628313081,2172.655568383558,0.38296183923298827,2287.0
187.28,2.9,353.5,60.53,560.9,64.57931034482759,2.994980777445536,25867.080971672585,1679.8158750597731,593.8149118336298,1565.7344112153417,2159.5493230489715,0.37925647388224903,2237.0
193.7,8.0,444.0,54.0,3315.0,24.2125,17.114093959731544,24800.745571068608,4667.150046172995,2072.21462050081,1339.240260837705,3411.4548813385145,1.5473060966705285,1871.0
193.7,8.0,444.0,191.7,3315.0,24.2125,17.114093959731544,24800.745571068608,4667.150046172995,2072.21462050081,4754.302925973852,6826.517546474663,0.43586087230155734,2703.0
219.4,4.3,352.1,59.78,657.0,51.02325581395349,2.9945305378304465,34900.45544355359,2905.7532930848024,1023.115734495159,2086.349226415634,3109.464960910793,0.490385656217718,4234.0
220.7,4.3,352.1,59.78,657.0,51.325581395348834,2.9768917082011783,35332.2437918446,2923.3147960183755,1029.29913967807,2112.1615338764705,3141.4606735545403,0.4873202750686343,4245.0
425.2,7.9,276.2,59.78,1278.0,53.82278481012658,3.0056444026340547,131639.29811405833,10356.794253309858,2860.5465727641827,7869.397241258407,10729.94381402259,0.36350262733804356,14469.0
426.1,8.2,276.2,59.78,1278.0,51.963414634146346,2.999295939920206,131832.29400475,10765.546873468427,2973.4440464519794,7880.934535603956,10854.378582055935,0.37729586929300757,15077.0
626.3,11.2,269.1,59.78,1890.0,55.919642857142854,3.0177231358773753,286430.9481338467,21642.808781698503,5824.0798431550675,17122.842079441354,22946.921922596423,0.34013511402688135,29463.0
626.0,11.2,269.1,59.78,1890.0,55.892857142857146,3.0191693290734825,286146.437649156,21632.25303038244,5821.239290475915,17105.834042666545,22927.07333314246,0.3403072469869742,29294.0
215.9,2.6,590.4,59.78,657.0,83.03846153846153,3.0430754979157015,34867.35091096639,1742.2644538278273,1028.6329335399491,2084.3702374575705,3113.0031709975196,0.4934981871525058,4030.0
216.9,2.6,590.4,59.78,657.0,83.42307692307692,3.029045643153527,35199.10309518547,1750.4325947271561,1033.4554039269128,2104.2023830301873,3137.6577869571,0.49113878601290734,4244.0
426.8,5.1,259.8,59.78,1278.0,83.68627450980392,2.994376757263355,136310.21807141567,6756.529072295955,1755.3462529824892,8148.624836309229,9903.971089291717,0.2154162559013505,12360.0
425.7,5.1,259.8,59.78,1278.0,83.47058823529412,3.002114164904863,135591.33527847633,6738.904737509314,1750.76745080492,8105.650022947315,9856.417473752235,0.2159934670073899,13092.0
625.6,7.2,276.0,59.78,1890.0,86.88888888888889,3.0210997442455243,293397.61048475973,13987.878458255469,3860.6544544785093,17539.309154778937,21399.963609257447,0.22011439677637454,23663.0
632.1,7.0,276.0,59.78,1890.0,90.3,2.990033222591362,300059.49122438463,13746.666974312848,3794.080084910346,17937.556385393713,21731.63647030406,0.21151599489882633,26002.0
153.0,1.54,345.0,85.4,306.0,99.35064935064935,2.0,17652.61414706929,732.7714599015776,252.80615366604425,1507.5332481597172,1760.3394018257616,0.16769524252592832,1823.0
153.0,1.54,345.0,85.4,306.0,99.35064935064935,2.0,17652.61414706929,732.7714599015776,252.80615366604425,1507.5332481597172,1760.3394018257616,0.16769524252592832,1842.0
153.0,1.54,345.0,85.4,306.0,99.35064935064935,2.0,17652.61414706929,732.7714599015776,252.80615366604425,1507.5332481597172,1760.3394018257616,0.16769524252592832,1872.0
250.0,2.48,326.0,85.4,500.0,100.80645161290323,2.0,47158.91981857148,1928.4653937690373,628.6797183687062,4027.3717525060047,4656.0514708747105,0.15610173507760106,4871.0
250.0,2.48,326.0,85.4,500.0,100.80645161290323,2.0,47158.91981857148,1928.4653937690373,628.6797183687062,4027.3717525060047,4656.0514708747105,0.15610173507760106,4528.0
250.0,2.48,326.0,85.4,500.0,100.80645161290323,2.0,47158.91981857148,1928.4653937690373,628.6797183687062,4027.3717525060047,4656.0514708747105,0.15610173507760106,4733.0
372.0,3.64,320.0,85.4,744.0,102.19780219780219,2.0,104474.19650924264,4212.342934349837,1347.949738991948,8922.096381889323,10270.04612088127,0.15107993472566691,9163.0
372.0,3.64,320.0,85.4,744.0,102.19780219780219,2.0,104474.19650924264,4212.342934349837,1347.949738991948,8922.096381889323,10270.04612088127,0.15107993472566691,9996.0
372.0,3.64,320.0,85.4,744.0,102.19780219780219,2.0,104474.19650924264,4212.342934349837,1347.949738991948,8922.096381889323,10270.04612088127,0.15107993472566691,9604.0
469.0,4.66,291.0,85.4,938.0,100.64377682403433,2.0,165959.1105803678,6797.854838698335,1978.1757580612154,14172.908043563411,16151.083801624627,0.1395744438601363,15827.0
469.0,4.66,291.0,85.4,938.0,100.64377682403433,2.0,165959.1105803678,6797.854838698335,1978.1757580612154,14172.908043563411,16151.083801624627,0.1395744438601363,16670.0
469.0,4.66,291.0,85.4,938.0,100.64377682403433,2.0,165959.1105803678,6797.854838698335,1978.1757580612154,14172.908043563411,16151.083801624627,0.1395744438601363,15239.0
157.0,2.48,326.0,85.4,314.0,63.306451612903224,2.0,18155.390865438618,1203.8884641450866,392.4676393112982,1550.4703799084582,1942.9380192197564,0.25312811156990306,2117.0
157.0,2.48,326.0,85.4,314.0,63.306451612903224,2.0,18155.390865438618,1203.8884641450866,392.4676393112982,1550.4703799084582,1942.9380192197564,0.25312811156990306,2058.0
157.0,2.48,326.0,85.4,314.0,63.306451612903224,2.0,18155.390865438618,1203.8884641450866,392.4676393112982,1550.4703799084582,1942.9380192197564,0.25312811156990306,2068.0
282.0,4.36,322.0,85.4,564.0,64.6788990825688,2.0,58655.07296628463,3802.9305797340508,1224.5436466743643,5009.143231320707,6233.686877995071,0.24446169536891083,6811.0
282.0,4.36,322.0,85.4,564.0,64.6788990825688,2.0,58655.07296628463,3802.9305797340508,1224.5436466743643,5009.143231320707,6233.686877995071,0.24446169536891083,6380.0
282.0,4.36,322.0,85.4,564.0,64.6788990825688,2.0,58655.07296628463,3802.9305797340508,1224.5436466743643,5009.143231320707,6233.686877995071,0.24446169536891083,6860.0
358.0,5.66,290.0,85.4,716.0,63.25088339222615,2.0,94394.66665716798,6265.103556502583,1816.8800313857491,8061.3045325221465,9878.184563907897,0.22538287991178277,9947.0
358.0,5.66,290.0,85.4,716.0,63.25088339222615,2.0,94394.66665716798,6265.103556502583,1816.8800313857491,8061.3045325221465,9878.184563907897,0.22538287991178277,10045.0
358.0,5.66,290.0,85.4,716.0,63.25088339222615,2.0,94394.66665716798,6265.103556502583,1816.8800313857491,8061.3045325221465,9878.184563907897,0.22538287991178277,9609.0
474.0,7.42,317.0,85.4,948.0,63.881401617250674,2.0,165583.8498511706,10876.267908314467,3447.776926935686,14140.860777289972,17588.637704225657,0.24381662341749155,17787.0
474.0,7.42,317.0,85.4,948.0,63.881401617250674,2.0,165583.8498511706,10876.267908314467,3447.776926935686,14140.860777289972,17588.637704225657,0.24381662341749155,18306.0
474.0,7.42,317.0,85.4,948.0,63.881401617250674,2.0,165583.8498511706,10876.267908314467,3447.776926935686,14140.860777289972,17588.637704225657,0.24381662341749155,17885.0
153.0,3.64,320.0,85.4,306.0,42.03296703296703,2.0,16677.394672356644,1707.9909346142242,546.5570990765517,1424.2495050192576,1970.8066040958092,0.38375094893865636,2264.0
153.0,3.64,320.0,85.4,306.0,42.03296703296703,2.0,16677.394672356644,1707.9909346142242,546.5570990765517,1424.2495050192576,1970.8066040958092,0.38375094893865636,2274.0
153.0,3.64,320.0,85.4,306.0,42.03296703296703,2.0,16677.394672356644,1707.9909346142242,546.5570990765517,1424.2495050192576,1970.8066040958092,0.38375094893865636,2205.0
235.0,5.66,290.0,85.4,470.0,41.51943462897526,2.0,39295.62399069764,4077.9895829264406,1182.6169790486676,3355.8462888055788,4538.463267854247,0.35240499035776385,5390.0
235.0,5.66,290.0,85.4,470.0,41.51943462897526,2.0,39295.62399069764,4077.9895829264406,1182.6169790486676,3355.8462888055788,4538.463267854247,0.35240499035776385,5047.0
235.0,5.66,290.0,85.4,470.0,41.51943462897526,2.0,39295.62399069764,4077.9895829264406,1182.6169790486676,3355.8462888055788,4538.463267854247,0.35240499035776385,5096.0
393.0,9.38,312.0,85.4,786.0,41.89765458422175,2.0,109999.39342060882,11304.567517963678,3527.025065604668,9393.948198119995,12920.973263724663,0.37545715509805866,13936.0
393.0,9.38,312.0,85.4,786.0,41.89765458422175,2.0,109999.39342060882,11304.567517963678,3527.025065604668,9393.948198119995,12920.973263724663,0.37545715509805866,14406.0
393.0,9.38,312.0,85.4,786.0,41.89765458422175,2.0,109999.39342060882,11304.567517963678,3527.025065604668,9393.948198119995,12920.973263724663,0.37545715509805866,14161.0
477.0,11.36,310.0,85.4,954.0,41.98943661971831,2.0,162082.86905110662,16617.989668551392,5151.576797250931,13841.877016964507,18993.453814215438,0.37217328191380367,20237.0
477.0,11.36,310.0,85.4,954.0,41.98943661971831,2.0,162082.86905110662,16617.989668551392,5151.576797250931,13841.877016964507,18993.453814215438,0.37217328191380367,20462.0
477.0,11.36,310.0,85.4,954.0,41.98943661971831,2.0,162082.86905110662,16617.989668551392,5151.576797250931,13841.877016964507,18993.453814215438,0.37217328191380367,19854.0
114.3,3.6,403.0,234.225,250.0,31.75,2.1872265966754156,9008.838947415723,1251.9875043086058,504.55096423636815,2110.095302458448,2614.646266694816,0.23911287971141473,2422.0
114.3,3.6,403.0,234.225,250.0,31.75,2.1872265966754156,9008.838947415723,1251.9875043086058,504.55096423636815,2110.095302458448,2614.646266694816,0.23911287971141473,2340.0
114.3,6.3,428.0,234.225,250.0,18.142857142857142,2.1872265966754156,8123.2868102218345,2137.5396415024943,914.8669665630675,1902.6768531242092,2817.5438196872765,0.480831500662264,2610.0
114.3,6.3,428.0,234.225,250.0,18.142857142857142,2.1872265966754156,8123.2868102218345,2137.5396415024943,914.8669665630675,1902.6768531242092,2817.5438196872765,0.480831500662264,2633.0
219.1,5.0,380.0,69.66,600.0,43.82,2.7384755819260613,34339.81467257559,3363.0749356678734,1277.968475553792,2392.1114900916155,3670.0799656454074,0.5342428565086852,3118.0
219.1,5.0,380.0,249.885,600.0,43.82,2.7384755819260613,34339.81467257559,3363.0749356678734,1277.968475553792,8581.00458945655,9858.973065010341,0.14892993730874207,7837.0
219.1,10.0,381.0,69.66,600.0,21.91,2.7384755819260613,31133.8193695872,6569.070238656257,2502.815760928034,2168.781857285444,4671.597618213478,1.1540191340685058,5241.0
219.1,10.0,381.0,249.885,600.0,21.91,2.7384755819260613,31133.8193695872,6569.070238656257,2502.815760928034,7779.874453169297,10282.69021409733,0.3217038752994862,9085.0
219.1,6.3,300.0,220.05,600.0,34.77777777777778,2.7384755819260613,33491.14483313484,4211.744775108618,1263.5234325325855,7369.726420531321,8633.249853063906,0.17144780693792588,6915.0
219.1,6.3,300.0,236.79,600.0,34.77777777777778,2.7384755819260613,33491.14483313484,4211.744775108618,1263.5234325325855,7930.368185037997,9193.891617570582,0.15932720941209763,7407.0
219.1,6.3,300.0,200.88,600.0,34.77777777777778,2.7384755819260613,33491.14483313484,4211.744775108618,1263.5234325325855,6727.701174080126,7991.224606612712,0.1878090895892602,6838.0
219.1,6.3,300.0,235.575,600.0,34.77777777777778,2.7384755819260613,33491.14483313484,4211.744775108618,1263.5234325325855,7889.676444065739,9153.199876598324,0.16014895433170154,7569.0
219.1,16.0,374.0,251.1,4195.0,13.69375,19.146508443633046,27493.970121138063,10208.919487105393,3818.135888177417,6903.735897417768,10721.871785595185,0.5530535850314798,6402.0
219.1,16.0,374.0,244.35,3640.0,13.69375,16.61341853035144,27493.970121138063,10208.919487105393,3818.135888177417,6718.151599100086,10536.287487277503,0.5683313083748909,4340.0
219.1,16.0,374.0,237.6,3640.0,13.69375,16.61341853035144,27493.970121138063,10208.919487105393,3818.135888177417,6532.567300782404,10350.703188959822,0.5844770841809958,3293.0
273.0,10.0,412.0,243.0,4195.0,27.3,15.366300366300367,50272.55104090727,8262.388678941155,3404.1041357237564,12216.229902940466,15620.334038664223,0.2786542298867823,8648.0
273.0,10.0,412.0,248.4,4450.0,27.3,16.3003663003663,50272.55104090727,8262.388678941155,3404.1041357237564,12487.701678561365,15891.805814285122,0.2725965292370696,5079.0
273.0,16.0,401.0,243.0,4450.0,17.0625,16.3003663003663,45616.710728287195,12918.22899156123,5180.209825616053,11084.86070697379,16265.070532589843,0.4673229517766553,5288.0
168.3,2.8,317.8,50.9085,300.0,60.10714285714287,1.7825311942959001,20790.502548761244,1455.814035673509,462.65770053704114,1058.4132990036119,1521.070999540653,0.43712385414335414,1282.5
168.3,2.8,317.8,126.549,300.0,60.10714285714287,1.7825311942959001,20790.502548761244,1455.814035673509,462.65770053704114,2631.017307043187,3093.6750075802283,0.17584745615261238,2375.7
159.0,3.0,336.28,45.0765,300.0,53.0,1.8867924528301887,18385.385606970867,1470.2653618800232,494.42083589301416,828.7488343126223,1323.1696702056365,0.5965870664579515,1185.7
159.0,3.0,336.28,122.6475,300.0,53.0,1.8867924528301887,18385.385606970867,1470.2653618800232,494.42083589301416,2254.9215812309594,2749.3424171239735,0.21926298457931753,2021.7
120.0,2.5,445.52,55.944,300.0,48.0,2.5,10386.890710931253,922.8428419920017,411.1449429642766,581.084213932338,992.2291568966145,0.707547947623562,879.2
120.0,2.5,445.52,127.818,300.0,48.0,2.5,10386.890710931253,922.8428419920017,411.1449429642766,1327.631596889811,1738.7765398540876,0.3096830053814999,1417.2
100.0,3.0,432.09,45.954,300.0,33.333333333333336,3.0,6939.778171779853,914.2034621946298,395.01817397967756,318.9105661059714,713.928740085649,1.2386487497200587,724.0
100.0,3.0,432.82,126.2385,300.0,33.333333333333336,3.0,6939.778171779853,914.2034621946298,395.6855425070797,876.0671867382309,1271.7527292453105,0.4516611836362621,1141.3
101.6,3.0,425.03,45.954,300.0,33.86666666666667,2.952755905511811,7178.036558628102,929.2831069318614,394.973198939249,329.8594920151958,724.8326909544448,1.1973983120093254,703.3
101.6,3.0,425.03,126.2385,300.0,33.86666666666667,2.952755905511811,7178.036558628102,929.2831069318614,394.973198939249,906.1445681063736,1301.1177670456227,0.43588320544110193,1075.5
140.0,4.42,1020.0,70.875,420.0,31.67420814479638,3.0,13511.161879266214,1882.6421233237731,1920.2949657902486,957.6035981929929,2877.8985639832417,2.0053130224383695,3020.0
140.0,6.27,1153.0,70.875,420.0,22.32854864433812,3.0,12759.619089100179,2634.1849134898084,3037.215205253749,904.3380029399751,3941.553208193724,3.3584956016222423,4274.0
140.0,8.36,813.0,70.875,420.0,16.74641148325359,3.0,11936.448614750821,3457.355387839165,2810.829930313241,845.9957955704645,3656.8257258837057,3.322510519591728,4436.0
140.0,10.46,773.0,70.875,420.0,13.384321223709367,3.0,11136.982399450597,4256.821603139389,3290.523099226747,789.333627561061,4079.856726787808,4.168735480577507,5420.0
140.0,6.21,359.0,168.75,420.0,22.544283413848632,3.0,12783.656042811323,2610.1479597786642,937.0431175605404,2157.2419572244103,3094.2850747849507,0.43437089401236,3215.0
140.0,6.21,359.0,168.75,420.0,22.544283413848632,3.0,12783.656042811323,2610.1479597786642,937.0431175605404,2157.2419572244103,3094.2850747849507,0.43437089401236,3202.0
140.0,8.19,389.0,168.75,420.0,17.094017094017094,3.0,12002.379648975384,3391.4243536146014,1319.26407355608,2025.401565764596,3344.665639320676,0.6513592641852497,3354.0
140.0,8.19,389.0,168.75,420.0,17.094017094017094,3.0,12002.379648975384,3391.4243536146014,1319.26407355608,2025.401565764596,3344.665639320676,0.6513592641852497,3398.0
140.0,11.58,367.0,168.75,420.0,12.089810017271157,3.0,10721.930257703052,4671.873744886934,1714.5776643735048,1809.32573098739,3523.903395360895,0.9476334940739615,4104.0
140.0,11.58,367.0,168.75,420.0,12.089810017271157,3.0,10721.930257703052,4671.873744886934,1714.5776643735048,1809.32573098739,3523.903395360895,0.9476334940739615,4300.0
140.0,16.72,389.0,168.75,420.0,8.373205741626794,3.0,8918.222534756316,6475.58146783367,2519.001190987298,1504.9500527401285,4023.951243727426,1.67381049384386,5135.0
140.0,16.72,389.0,168.75,420.0,8.373205741626794,3.0,8918.222534756316,6475.58146783367,2519.001190987298,1504.9500527401285,4023.951243727426,1.67381049384386,5120.0
140.0,4.42,1020.0,168.75,420.0,31.67420814479638,3.0,13511.161879266214,1882.6421233237731,1920.2949657902486,2280.0085671261736,4200.303532916422,0.8422314694241152,4516.0
140.0,4.42,1020.0,168.75,420.0,31.67420814479638,3.0,13511.161879266214,1882.6421233237731,1920.2949657902486,2280.0085671261736,4200.303532916422,0.8422314694241152,4312.0
140.0,6.27,1153.0,168.75,420.0,22.32854864433812,3.0,12759.619089100179,2634.1849134898084,3037.215205253749,2153.1857212856553,5190.400926539404,1.4105681526813416,5386.0
140.0,6.27,1153.0,168.75,420.0,22.32854864433812,3.0,12759.619089100179,2634.1849134898084,3037.215205253749,2153.1857212856553,5190.400926539404,1.4105681526813416,5354.0
140.0,8.36,813.0,168.75,420.0,16.74641148325359,3.0,11936.448614750821,3457.355387839165,2810.829930313241,2014.2757037392012,4825.105634052443,1.3954544182285258,5531.0
140.0,8.36,813.0,168.75,420.0,16.74641148325359,3.0,11936.448614750821,3457.355387839165,2810.829930313241,2014.2757037392012,4825.105634052443,1.3954544182285258,5502.0
140.0,10.46,773.0,168.75,420.0,13.384321223709367,3.0,11136.982399450597,4256.821603139389,3290.523099226747,1879.3657799072882,5169.888879134035,1.750868901842553,6339.0
140.0,10.46,773.0,168.75,420.0,13.384321223709367,3.0,11136.982399450597,4256.821603139389,3290.523099226747,1879.3657799072882,5169.888879134035,1.750868901842553,6187.0
300.0,10.0,530.0,49.8,1800.0,30.0,6.0,61575.216010359945,9110.6186954104,4828.627908567511,3066.445757315925,7895.073665883437,1.5746660109827062,10148.0
300.0,10.0,530.0,49.8,2220.0,30.0,7.4,61575.216010359945,9110.6186954104,4828.627908567511,3066.445757315925,7895.073665883437,1.5746660109827062,7335.0
300.0,10.0,530.0,49.8,2220.0,30.0,7.4,61575.216010359945,9110.6186954104,4828.627908567511,3066.445757315925,7895.073665883437,1.5746660109827062,5702.0
300.0,10.0,530.0,49.8,2220.0,30.0,7.4,61575.216010359945,9110.6186954104,4828.627908567511,3066.445757315925,7895.073665883437,1.5746660109827062,4634.0
300.0,10.0,530.0,94.1,1800.0,30.0,6.0,61575.216010359945,9110.6186954104,4828.627908567511,5794.22782657487,10622.85573514238,0.8333514064499339,12998.0
300.0,10.0,530.0,94.1,2220.0,30.0,7.4,61575.216010359945,9110.6186954104,4828.627908567511,5794.22782657487,10622.85573514238,0.8333514064499339,8369.0
300.0,10.0,530.0,94.1,2220.0,30.0,7.4,61575.216010359945,9110.6186954104,4828.627908567511,5794.22782657487,10622.85573514238,0.8333514064499339,6784.0
300.0,10.0,530.0,94.1,2220.0,30.0,7.4,61575.216010359945,9110.6186954104,4828.627908567511,5794.22782657487,10622.85573514238,0.8333514064499339,5366.0
140.0,6.27,1153.0,198.45,602.0,22.32854864433812,4.3,12759.619089100179,2634.1849134898084,3037.215205253749,2532.1464082319303,5569.361613485679,1.1994627148650865,5288.0
140.0,6.27,1153.0,198.45,602.0,22.32854864433812,4.3,12759.619089100179,2634.1849134898084,3037.215205253749,2532.1464082319303,5569.361613485679,1.1994627148650865,4947.0
140.0,6.27,1153.0,198.45,1048.0,22.32854864433812,7.485714285714286,12759.619089100179,2634.1849134898084,3037.215205253749,2532.1464082319303,5569.361613485679,1.1994627148650865,4519.0
140.0,6.27,1153.0,198.45,1618.0,22.32854864433812,11.557142857142857,12759.619089100179,2634.1849134898084,3037.215205253749,2532.1464082319303,5569.361613485679,1.1994627148650865,4515.0
140.0,6.27,1153.0,198.45,1618.0,22.32854864433812,11.557142857142857,12759.619089100179,2634.1849134898084,3037.215205253749,2532.1464082319303,5569.361613485679,1.1994627148650865,4013.0
140.0,6.27,1153.0,198.45,2192.0,22.32854864433812,15.657142857142857,12759.619089100179,2634.1849134898084,3037.215205253749,2532.1464082319303,5569.361613485679,1.1994627148650865,4077.0
140.0,6.27,1153.0,198.45,2754.0,22.32854864433812,19.67142857142857,12759.619089100179,2634.1849134898084,3037.215205253749,2532.1464082319303,5569.361613485679,1.1994627148650865,2406.0
276.0,5.14,275.0,59.0,689.0,53.69649805447471,2.496376811594203,55454.70111414619,4373.789380817827,1202.7920797249024,3271.8273657346253,4474.619445459528,0.3676208874348231,4204.0
275.5,5.09,275.0,59.0,689.0,54.12573673870334,2.500907441016334,55287.86997786994,4324.0469735372335,1189.1129177227392,3261.9843286943265,4451.097246417065,0.3645366739694624,4186.0
550.0,9.86,265.0,59.0,1376.0,55.78093306288033,2.501818181818182,220851.5118484556,16731.43257927252,4433.829633507218,13030.239199058879,17464.068832566096,0.3402723131765268,15576.0
879.5,15.55,260.0,59.0,2198.0,56.559485530546624,2.4991472427515635,565315.9006695136,42205.48303122147,10973.425588117583,33353.6381395013,44327.063727618886,0.3290023577704275,39546.0
275.0,4.18,281.0,59.0,689.0,65.78947368421053,2.5054545454545454,55839.366515111135,3556.3695918208887,999.3398553016697,3294.5226243915567,4293.862479693226,0.3033337357900922,4037.0
275.0,4.14,281.0,59.0,688.0,66.42512077294687,2.501818181818182,55872.878512265524,3522.8575946665046,989.9229841012877,3296.499832223666,4286.422816324954,0.30029517199566536,3874.0
551.3,7.86,263.0,59.0,1376.0,70.13994910941474,2.495918737529476,225288.2716265812,13419.119497701337,3529.228427895451,13292.00802596829,16821.23645386374,0.265515068979832,14037.0
1100.4,16.48,267.0,59.0,2748.0,66.77184466019418,2.4972737186477643,894904.7791607856,56118.274597622774,14983.579317565282,52799.38197048635,67782.96128805164,0.283783233029901,59361.0
